Average Salary,Q1 - Which Title Best Fits your Current Role?.1,Q10 - Current Age,Q11 - Which Country do you live in?.1,Q13 - Ethnicity,Q12 - Highest Level of Education,Q2 - Did you switch careers into Data?,Q3 - Current Yearly Salary (in USD),Q4 - What Industry do you work in?.1,Q5 - Favorite Programming Language.1,Q6 - How Happy are you in your Current Position with the following? (Coworkers),Q6 - How Happy are you in your Current Position with the following? (Learning New Things),Q6 - How Happy are you in your Current Position with the following? (Management),Q6 - How Happy are you in your Current Position with the following? (Salary),Q6 - How Happy are you in your Current Position with the following? (Upward Mobility),Q6 - How Happy are you in your Current Position with the following? (Work/Life Balance),Q7 - How difficult was it for you to break into Data?,"Q8 - If you were to look for a new job today, what would be the most important thing to you?",Q9 - Male/Female?,Unique ID
20,Data Analyst,19,Other,Asian or Asian American,High School,Yes,0-40k,Tech,Python,,5,,,,,Neither easy nor difficult,Good Work/Life Balance,Female,62a436fd24a2626027397c93
20,Data Analyst,19,Other,White or Caucasian,Bachelors,No,0-40k,Tech,R,3,10,0,0,0,6,Neither easy nor difficult,Remote Work,Male,62ab8bf65d257a28a319e9cb
20,Data Analyst,20,United States,Black or African American,Bachelors,No,0-40k,Finance,Other,6,6,6,0,5,6,Neither easy nor difficult,Better Salary,Female,62a47c587dc029e2d66d9782
20,Data Analyst,21,India,Asian or Asian American,Bachelors,No,0-40k,Finance,Python,4,5,4,1,4,2,Neither easy nor difficult,Better Salary,Male,62a3636c2e54c9003e536e6b
20,Data Analyst,21,India,Asian or Asian American,Bachelors,No,0-40k,Tech,Python,8,9,7,8,7,7,Easy,Other (Please Specify):Opportunity to learn,Female,62a58b267dc029e2d66ea3f8
20,Data Analyst,21,India,Asian or Asian American,Bachelors,Yes,0-40k,Tech,Python,3,3,3,2,3,3,Difficult,Better Salary,Male,62a446faf8f7561645868c60
20,Data Analyst,22,India,Asian or Asian American,Bachelors,No,0-40k,Tech,Python,5,2,4,3,3,3,Difficult,Other (Please Specify):Good opportunities in projects and learnjng,Female,62a387e6575fa3a5ae8940a1
20,Data Analyst,22,India,Asian or Asian American,Bachelors,Yes,0-40k,Other,Python,5,7,7,6,5,3,Neither easy nor difficult,Good Work/Life Balance,Male,62a3944024a262602738cb07
20,Data Analyst,22,India,Other (Please Specify):Indian,"",No,0-40k,Tech,Other,8,10,8,8,5,8,Easy,Better Salary,Female,62a340f5bc6861bf3176caa4
20,Data Analyst,22,India,Other (Please Specify):Indian,Bachelors,No,0-40k,Tech,Python,7,7,5,3,8,8,Neither easy nor difficult,Better Salary,Male,62a393330a77c1a77f6662e4
20,Data Analyst,22,Other,Black or African American,"",Yes,0-40k,Tech,Python,4,2,2,1,2,2,Neither easy nor difficult,Better Salary,Male,62a33d850f8c8599d5af10cb
20,Data Analyst,22,Other,Black or African American,Bachelors,No,0-40k,Tech,Python,5,3,6,2,6,2,Neither easy nor difficult,Good Work/Life Balance,Male,62acc1f0cf255543173e59f7
20,Data Analyst,22,Other,Black or African American,Bachelors,Yes,0-40k,Other,Python,1,9,1,1,7,1,Neither easy nor difficult,Remote Work,Male,62a37d41bae91e4b8b8369f7
20,Data Analyst,22,Other,Native Hawaiian or other Pacific Islander,Bachelors,No,0-40k,Healthcare,Python,10,10,10,0,10,10,Difficult,Better Salary,Male,62a37a7818134ddc75cf0d4c
20,Data Analyst,22,Other,Other (Please Specify):Half Asian half African,Bachelors,Yes,0-40k,Finance,Other,3,4,3,2,2,3,Neither easy nor difficult,Good Work/Life Balance,Female,62a353565d257a28a30da59f
20,Data Analyst,22,Other,Other (Please Specify):Malay,Bachelors,No,0-40k,Other,Python,7,8,7,6,5,9,Neither easy nor difficult,Good Work/Life Balance,Male,62ab3e62bae91e4b8b8ebe14
20,Data Analyst,22,Other,White or Caucasian,Bachelors,No,0-40k,Finance,Python,5,6,5,2,6,6,Easy,Good Culture,Male,62a9bb81bc6861bf3180079c
20,Data Analyst,22,United Kingdom,White or Caucasian,Bachelors,Yes,0-40k,Healthcare,Other,5,9,7,6,7,7,Difficult,Better Salary,Female,62a8665c5d257a28a31474f7
20,Data Analyst,23,India,Asian or Asian American,Bachelors,No,0-40k,Tech,Python,2,1,1,0,1,1,Neither easy nor difficult,Remote Work,Male,62a84f9af408bae018f41e34
20,Data Analyst,23,India,Asian or Asian American,Bachelors,No,0-40k,Tech,Python,4,0,4,3,2,4,Neither easy nor difficult,Good Work/Life Balance,Male,62a8bf9e575fa3a5ae907617
20,Data Analyst,23,India,Asian or Asian American,Bachelors,Yes,0-40k,Education,Python,3,2,2,0,4,2,Neither easy nor difficult,Better Salary,Male,62af10295d257a28a31e6ff8
20,Data Analyst,23,Other,Asian or Asian American,Bachelors,Yes,0-40k,Tech,Python,5,8,5,4,6,5,Difficult,Good Work/Life Balance,Male,62a34fa418134ddc75ceb509
20,Data Analyst,23,Other,Hispanic or Latino,High School,No,0-40k,Other,Python,4,5,3,1,,4,Easy,Better Salary,Male,62a34b7ebae91e4b8b83076c
20,Data Analyst,23,Other,White or Caucasian,Bachelors,No,0-40k,Healthcare,Python,4,6,6,1,5,5,Neither easy nor difficult,Better Salary,Male,62a51fe0575fa3a5ae8b0c06
20,Data Analyst,23,Other,White or Caucasian,Bachelors,No,0-40k,Other,R,4,6,3,1,5,6,Neither easy nor difficult,Good Work/Life Balance,Female,62a34fbacec54911e9ca776f
20,Data Analyst,23,Other,White or Caucasian,Bachelors,No,0-40k,Real Estate,Python,9,8,5,4,2,7,Easy,Better Salary,Male,62a3715124a2626027388f02
20,Data Analyst,23,Other,White or Caucasian,Masters,Yes,0-40k,Tech,Python,9,4,6,3,9,9,Easy,Better Salary,Male,62af9ed7f3072dd892739279
20,Data Analyst,24,Other,Black or African American,"",No,0-40k,Tech,Python,8,8,8,7,3,8,Easy,Better Salary,Male,62a33e62575fa3a5ae88aabf
20,Data Analyst,24,Other,Black or African American,Associates,No,0-40k,Education,Python,0,10,9,0,5,10,Easy,Remote Work,Male,62a429f0f3072dd892636396
20,Data Analyst,24,Other,Black or African American,Bachelors,No,0-40k,Finance,Other,8,9,8,4,8,7,Neither easy nor difficult,Other (Please Specify):an environment that encourages growth like where I work currently and better salary,Male,62a3676bb4da29969c633ac7
20,Data Analyst,24,Other,Hispanic or Latino,"",Yes,0-40k,Other,Python,3,1,2,3,3,1,Neither easy nor difficult,Good Culture,Male,62a33f56cf255543173005e9
20,Data Analyst,24,Other,Other (Please Specify):African,Bachelors,Yes,0-40k,Tech,Python,4,10,5,5,7,4,Neither easy nor difficult,Remote Work,Male,62a5008c5d257a28a30fbde5
20,Data Analyst,24,Other,White or Caucasian,Bachelors,Yes,0-40k,Finance,Python,5,10,5,5,5,5,Neither easy nor difficult,Better Salary,Male,62a41e23bc6861bf3177fffb
20,Data Analyst,24,Other,White or Caucasian,High School,No,0-40k,Finance,Other,5,0,6,4,6,4,Difficult,Better Salary,Male,62a357d30f8c8599d5af4ea3
20,Data Analyst,25,India,Asian or Asian American,"",Yes,0-40k,Other,Python,8,7,7,8,7,7,Difficult,Good Work/Life Balance,Male,62a33ee0bae91e4b8b82eaec
20,Data Analyst,25,India,Asian or Asian American,Bachelors,Yes,0-40k,Tech,C/C++,0,5,2,0,2,0,Neither easy nor difficult,Good Work/Life Balance,Male,62a349e6b4da29969c63000c
20,Data Analyst,25,India,Asian or Asian American,Bachelors,Yes,0-40k,Tech,Python,1,2,0,0,0,1,Difficult,Better Salary,Male,62a3670b575fa3a5ae890422
20,Data Analyst,25,Other,Asian or Asian American,Bachelors,No,0-40k,Tech,Python,9,2,8,2,6,9,Easy,Better Salary,Male,62a3447a575fa3a5ae88b6c0
20,Data Analyst,25,Other,Asian or Asian American,Bachelors,Yes,0-40k,Other,Python,0,0,0,0,0,0,Very Difficult,Better Salary,Male,62a89e365d257a28a314fd36
20,Data Analyst,25,Other,Asian or Asian American,Bachelors,Yes,0-40k,Other,R,6,6,5,3,5,2,Neither easy nor difficult,Good Culture,Female,62a40d86d8c00e9f541afb5e
20,Data Analyst,25,Other,Black or African American,Bachelors,Yes,0-40k,Education,Python,2,3,3,2,4,1,Difficult,Remote Work,Male,62a5cb12cf25554317330d69
20,Data Analyst,25,Other,Black or African American,Bachelors,Yes,0-40k,Finance,C/C++,4,3,3,5,3,2,Difficult,Good Work/Life Balance,Female,62a350f7f3072dd892624d05
20,Data Analyst,25,Other,Black or African American,Bachelors,Yes,0-40k,Healthcare,Python,8,6,5,5,5,8,Neither easy nor difficult,Better Salary,Male,62a46a66f8d5efcc22f95a7a
20,Data Analyst,25,Other,Black or African American,High School,Yes,0-40k,Tech,Python,4,3,3,3,3,2,Neither easy nor difficult,Better Salary,Male,62a6246df3072dd892659218
20,Data Analyst,25,Other,Hispanic or Latino,Bachelors,Yes,0-40k,Other,Python,7,10,4,7,8,4,Easy,Good Work/Life Balance,Male,62a39bd324a262602738d725
20,Data Analyst,25,Other,Other (Please Specify):Egyp,Bachelors,Yes,0-40k,Tech,Python,1,2,1,0,1,1,Very Difficult,Better Salary,Male,62a3cbfef8d5efcc22f8b6f1
20,Data Analyst,25,Other,Other (Please Specify):Indian,High School,No,0-40k,Finance,Python,4,10,10,1,10,7,Neither easy nor difficult,Better Salary,Male,62a51dc6575fa3a5ae8b09f3
20,Data Analyst,25,Other,White or Caucasian,Bachelors,No,0-40k,Other,Other,5,4,5,5,3,2,Difficult,Better Salary,Male,62a37128d8c00e9f541a39dd
20,Data Analyst,25,Other,White or Caucasian,Bachelors,No,0-40k,Other,Python,10,8,8,6,6,6,Neither easy nor difficult,Better Salary,Male,62a39e03f408bae018eded39
20,Data Analyst,25,Other,White or Caucasian,Bachelors,Yes,0-40k,Healthcare,Python,5,5,5,3,4,4,Difficult,Good Work/Life Balance,Male,62a79c9c2e54c9003e58f0d5
20,Data Analyst,25,Other,White or Caucasian,Bachelors,Yes,0-40k,Other,Python,9,10,9,6,10,6,Neither easy nor difficult,Remote Work,Male,62a7b0ae0f8c8599d5b51cd0
20,Data Analyst,25,Other,White or Caucasian,Masters,No,0-40k,Finance,Python,7,4,6,6,2,8,Easy,Other (Please Specify):Intresting work,Male,62a3baa624a262602738ff27
20,Data Analyst,25,United States,White or Caucasian,Bachelors,Yes,0-40k,Finance,Python,10,1,5,1,3,10,Neither easy nor difficult,Better Salary,Female,62a3cfed0f8c8599d5b00b12
20,Data Analyst,26,India,Asian or Asian American,Bachelors,No,0-40k,Healthcare,Python,8,7,7,6,6,7,Neither easy nor difficult,Better Salary,Male,62a5a931cec54911e9cd3333
20,Data Analyst,26,India,Asian or Asian American,Bachelors,No,0-40k,Other,Python,0,0,0,0,0,0,Easy,Good Work/Life Balance,Female,62a45c8bf3072dd89263a493
20,Data Analyst,26,India,Asian or Asian American,Bachelors,No,0-40k,Tech,Python,8,2,8,7,4,9,Neither easy nor difficult,Better Salary,Male,62a764ffd8c00e9f541f3cc3
20,Data Analyst,26,India,Asian or Asian American,Bachelors,Yes,0-40k,Finance,Python,,,,2,,,Very Easy,Better Salary,Male,62a41795cec54911e9cb8854
20,Data Analyst,26,India,Asian or Asian American,Masters,No,0-40k,Finance,Python,9,9,9,8,9,9,Neither easy nor difficult,Better Salary,Female,62a4d08bf3072dd892642d2c
20,Data Analyst,26,India,Other (Please Specify):Indian,Bachelors,Yes,0-40k,Healthcare,Python,6,6,5,7,6,4,Difficult,Remote Work,Male,62a42d6ef8d5efcc22f9178a
20,Data Analyst,26,Other,Asian or Asian American,Bachelors,No,0-40k,Tech,Python,8,9,5,3,7,8,Easy,Better Salary,Male,62a9e206f3072dd8926bce70
20,Data Analyst,26,Other,Black or African American,Bachelors,Yes,0-40k,Finance,Python,9,10,9,0,0,5,Neither easy nor difficult,Remote Work,Male,62a3c8652e54c9003e54103e
20,Data Analyst,26,Other,Black or African American,Bachelors,Yes,0-40k,Healthcare,R,4,5,3,2,3,3,Neither easy nor difficult,Good Work/Life Balance,Male,62a7b283f8d5efcc22fdc189
20,Data Analyst,26,Other,Black or African American,High School,No,0-40k,Real Estate,R,8,9,6,3,6,7,Difficult,Remote Work,Male,62a64b4dd8c00e9f541d6d81
20,Data Analyst,26,Other,Hispanic or Latino,Bachelors,No,0-40k,Other,Python,6,3,6,3,4,6,Neither easy nor difficult,Better Salary,Male,62a38975b4da29969c637830
20,Data Analyst,26,Other,Other (Please Specify):Bangladeshi,Bachelors,Yes,0-40k,Tech,Python,4,8,3,3,7,2,Easy,Good Work/Life Balance,Male,62a3ac4bf8f756164585ea83
20,Data Analyst,26,Other,Other (Please Specify):Kurdish,Bachelors,Yes,0-40k,Telecommunication,Python,8,9,9,5,7,8,Very Easy,Better Salary,Male,62a36d3124a262602738862c
20,Data Analyst,26,Other,White or Caucasian,Bachelors,Yes,0-40k,Finance,Python,5,5,4,5,3,2,Neither easy nor difficult,Good Work/Life Balance,Male,62a38733f8d5efcc22f859fc
20,Data Analyst,26,Other,White or Caucasian,Bachelors,Yes,0-40k,Healthcare,Python,6,5,5,2,4,6,Easy,Better Salary,Female,62a35130f3072dd892624d9f
20,Data Analyst,27,India,Asian or Asian American,Bachelors,Yes,0-40k,Other,R,8,6,8,3,6,9,Difficult,Better Salary,Male,62af53ce0f8c8599d5c04934
20,Data Analyst,27,Other,Black or African American,Bachelors,Yes,0-40k,Education,Python,5,0,0,0,0,0,Difficult,Good Culture,Male,62a3a1a62e54c9003e53dc35
20,Data Analyst,27,Other,Black or African American,Masters,Yes,0-40k,Healthcare,Python,2,3,1,0,0,1,Neither easy nor difficult,Better Salary,Female,62a475dcf408bae018eed15c
20,Data Analyst,27,Other,Hispanic or Latino,Bachelors,No,0-40k,Other,Python,9,7,9,8,8,8,Neither easy nor difficult,Better Salary,Male,62a39b6cf408bae018ede929
20,Data Analyst,27,Other,White or Caucasian,Masters,No,0-40k,Other,Python,5,5,5,5,5,5,Neither easy nor difficult,Remote Work,Female,62a3688df8f7561645857f7e
20,Data Analyst,27,United States,Black or African American,Bachelors,No,0-40k,Other,Python,1,0,6,0,0,7,Easy,Better Salary,Male,62aa34e8f3072dd8926c7d56
20,Data Analyst,27,United States,White or Caucasian,High School,Yes,0-40k,Tech,R,7,9,6,0,3,8,Very Difficult,Better Salary,Male,62a618a9d8c00e9f541d3537
20,Data Analyst,28,Canada,Asian or Asian American,Bachelors,Yes,0-40k,Other,Python,8,10,5,5,7,10,Very Difficult,Other (Please Specify):Salary and expo,Male,62a3f6a25d257a28a30e9d02
20,Data Analyst,28,India,Other (Please Specify):South Indian,Bachelors,Yes,0-40k,Tech,Python,5,4,5,1,4,7,Difficult,Better Salary,Male,62a8fe9abc6861bf317f0c01
20,Data Analyst,28,Other,Asian or Asian American,Bachelors,Yes,0-40k,Other,Python,5,6,5,5,5,5,Neither easy nor difficult,Better Salary,Female,62a487167dc029e2d66da73e
20,Data Analyst,28,Other,Black or African American,"",No,0-40k,Other,Python,1,0,1,1,2,1,Very Difficult,Better Salary,Male,62a33de124a26260273826b2
20,Data Analyst,28,Other,Black or African American,Bachelors,Yes,0-40k,Healthcare,Python,5,8,1,1,7,8,Neither easy nor difficult,Remote Work,Male,62a43ed4f8d5efcc22f92d0a
20,Data Analyst,28,Other,Black or African American,Bachelors,Yes,0-40k,Other,Other,5,3,3,2,0,0,Very Difficult,Remote Work,Male,62a962380f8c8599d5b7e3fb
20,Data Analyst,28,Other,Black or African American,Bachelors,Yes,0-40k,Telecommunication,Python,4,2,2,3,2,2,Neither easy nor difficult,Good Culture,Male,62a352f00a77c1a77f65eae7
20,Data Analyst,28,Other,Black or African American,Masters,Yes,0-40k,Education,Python,2,4,3,1,3,2,Neither easy nor difficult,Better Salary,Male,62a36b6c24a26260273882a2
20,Data Analyst,28,Other,Hispanic or Latino,Bachelors,Yes,0-40k,Tech,Python,9,8,9,8,10,10,Neither easy nor difficult,Better Salary,Female,62a3496e575fa3a5ae88c4e6
20,Data Analyst,28,Other,Hispanic or Latino,Bachelors,Yes,0-40k,Telecommunication,Python,5,2,5,0,2,8,Easy,Better Salary,Male,62a4926ef408bae018eef4ee
20,Data Analyst,28,Other,Hispanic or Latino,Masters,Yes,0-40k,Healthcare,Python,9,9,6,8,8,10,Easy,Remote Work,Female,62a609b8f8f75616458875b7
20,Data Analyst,28,Other,White or Caucasian,"",Yes,0-40k,Healthcare,Python,8,1,8,5,7,6,Neither easy nor difficult,Remote Work,Male,62a33e38f3072dd8926221d3
20,Data Analyst,28,United Kingdom,Black or African American,Masters,Yes,0-40k,Healthcare,R,6,3,4,3,6,6,Very Easy,Better Salary,Female,62a9024d18134ddc75d6e76d
20,Data Analyst,28,United Kingdom,Black or African American,Masters,Yes,0-40k,Tech,Python,7,1,7,1,7,7,Difficult,Better Salary,Female,62a424ccd8c00e9f541b114e
20,Data Analyst,28,United States,Asian or Asian American,Masters,Yes,0-40k,Construction,Python,0,0,0,0,0,0,Very Difficult,Better Salary,Female,62a77a37f8d5efcc22fd4e47
20,Data Analyst,29,India,Asian or Asian American,Bachelors,No,0-40k,Tech,Python,4,2,5,3,4,5,Neither easy nor difficult,Better Salary,Male,62a389b70f8c8599d5afad1a
20,Data Analyst,29,Other,Black or African American,Bachelors,Yes,0-40k,Tech,Python,,6,,0,,3,Neither easy nor difficult,Remote Work,Male,62a369280a77c1a77f661ad0
20,Data Analyst,29,Other,Black or African American,Bachelors,Yes,0-40k,Tech,Python,1,6,5,1,6,2,Neither easy nor difficult,Better Salary,Female,62a34a03cec54911e9ca6869
20,Data Analyst,29,Other,Hispanic or Latino,Associates,No,0-40k,Tech,Python,10,10,9,4,9,9,Easy,Better Salary,Male,62a34210cf25554317300c02
20,Data Analyst,29,Other,Hispanic or Latino,Bachelors,No,0-40k,Finance,Python,10,8,1,1,2,2,Difficult,Remote Work,Female,62a3d21ef3072dd8926314d1
20,Data Analyst,29,Other,Hispanic or Latino,High School,Yes,0-40k,Healthcare,R,6,10,6,6,8,8,Easy,Remote Work,Male,62a36146f8f7561645856ff7
20,Data Analyst,29,Other,Other (Please Specify):Human,Bachelors,No,0-40k,Other,Python,4,6,4,4,5,4,Neither easy nor difficult,Remote Work,Male,62a343a22e54c9003e532a2a
20,Data Analyst,29,Other,White or Caucasian,Masters,Yes,0-40k,Tech,Python,4,1,5,4,2,4,Difficult,Better Salary,Male,62a3a9dbd8c00e9f541a93eb
20,Data Analyst,29,Other,White or Caucasian,Masters,Yes,0-40k,Tech,Python,8,8,7,6,7,7,Easy,Good Work/Life Balance,Male,62a3455bbc6861bf3176d57a
20,Data Analyst,30,Other,Black or African American,Masters,Yes,0-40k,Tech,Python,5,2,5,3,5,5,Neither easy nor difficult,Remote Work,Male,62a427190a77c1a77f67095c
20,Data Analyst,30,Other,Hispanic or Latino,Masters,Yes,0-40k,Finance,Python,9,10,10,10,9,9,Neither easy nor difficult,Good Culture,Male,62a34687f408bae018ed4c52
20,Data Analyst,30,Other,Hispanic or Latino,Masters,Yes,0-40k,Healthcare,Python,10,10,8,4,8,10,Easy,Good Work/Life Balance,Male,62a38153cec54911e9cad855
20,Data Analyst,30,Other,Other (Please Specify):African,Masters,No,0-40k,Finance,Python,6,6,5,6,6,5,Neither easy nor difficult,Better Salary,Male,62a36794b4da29969c633b48
20,Data Analyst,30,Other,Other (Please Specify):Asian,Masters,Yes,0-40k,Tech,Python,0,0,1,0,0,3,Easy,Good Culture,Female,62a7047c24a26260273c9646
20,Data Analyst,30,Other,Other (Please Specify):Moroccan,Masters,No,0-40k,Other,R,2,3,3,4,2,10,Neither easy nor difficult,Better Salary,Male,62a4d7f6bae91e4b8b84ffed
20,Data Analyst,30,Other,Other (Please Specify):Nigeria,Bachelors,Yes,0-40k,Other,Python,5,1,5,1,1,9,Difficult,Better Salary,Male,62aa3e6824a26260274264da
20,Data Analyst,30,United Kingdom,Asian or Asian American,Masters,Yes,0-40k,Tech,Python,0,0,0,0,0,0,Difficult,Good Work/Life Balance,Male,62a49e47b4da29969c64b9f9
20,Data Analyst,30,United Kingdom,Black or African American,Bachelors,No,0-40k,Telecommunication,Other,4,6,3,1,2,4,Very Difficult,Better Salary,Male,62a347f6b4da29969c62fb79
20,Data Analyst,30,United Kingdom,White or Caucasian,Bachelors,Yes,0-40k,Finance,C/C++,10,10,8,5,10,10,Very Easy,Good Work/Life Balance,Male,62a368ee2e54c9003e537e4a
20,Data Analyst,30,United Kingdom,White or Caucasian,Bachelors,Yes,0-40k,Other,Python,8,10,9,2,8,8,Difficult,Better Salary,Male,62a44bc7bc6861bf31783829
20,Data Analyst,31,India,Asian or Asian American,"",No,0-40k,Tech,Python,6,7,6,4,7,6,Easy,Good Work/Life Balance,Male,62a33e63cec54911e9ca4f99
20,Data Analyst,31,India,Asian or Asian American,Masters,Yes,0-40k,Tech,R,4,2,4,3,4,4,Easy,Better Salary,Male,62a3ab320f8c8599d5afdfa8
20,Data Analyst,31,Other,Asian or Asian American,Masters,No,0-40k,Tech,Python,5,6,5,3,6,4,Neither easy nor difficult,Better Salary,Male,62a4e34d7dc029e2d66e10b9
20,Data Analyst,31,Other,Black or African American,Bachelors,Yes,0-40k,Finance,Python,8,8,7,4,8,7,Difficult,Better Salary,Male,62a37a43d8c00e9f541a4a7c
20,Data Analyst,31,Other,Black or African American,Masters,No,0-40k,Other,Python,9,8,9,3,,5,Very Difficult,Other (Please Specify):Both Good work / life Balance and Good Culture,Male,62a365c2f8d5efcc22f81e2e
20,Data Analyst,31,Other,White or Caucasian,Masters,Yes,0-40k,Finance,Other,4,3,3,3,3,5,Difficult,Good Work/Life Balance,Male,62a34256bae91e4b8b82f16d
20,Data Analyst,32,Other,Black or African American,Bachelors,Yes,0-40k,Tech,R,8,9,7,2,6,8,Neither easy nor difficult,Better Salary,Male,62a35c890a77c1a77f65fdfa
20,Data Analyst,32,Other,Hispanic or Latino,"",No,0-40k,Finance,Python,4,4,4,4,4,4,Neither easy nor difficult,Better Salary,Male,62a33e54d8c00e9f5419cfe9
20,Data Analyst,32,Other,White or Caucasian,"",Yes,0-40k,Other,Python,10,8,10,3,7,8,Neither easy nor difficult,Better Salary,Male,62a33cf30a77c1a77f65baa2
20,Data Analyst,32,Other,White or Caucasian,Masters,Yes,0-40k,Other,Python,7,8,7,5,7,5,Neither easy nor difficult,Good Work/Life Balance,Male,62a7029ff8f7561645899bae
20,Data Analyst,32,United Kingdom,Hispanic or Latino,Bachelors,No,0-40k,Healthcare,Python,6,9,7,2,7,6,Difficult,Better Salary,Male,62a62a7124a26260273b94fa
20,Data Analyst,33,India,Asian or Asian American,Bachelors,Yes,0-40k,Tech,Python,5,8,6,5,6,10,Very Difficult,Better Salary,Male,62a403bbf8d5efcc22f8eb18
20,Data Analyst,33,India,Asian or Asian American,Masters,Yes,0-40k,Finance,Python,5,3,5,2,2,2,Very Difficult,Good Work/Life Balance,Female,62a4cffeb4da29969c64f6a1
20,Data Analyst,33,Other,Black or African American,"",Yes,0-40k,Other,Python,3,2,3,2,3,3,Difficult,Good Work/Life Balance,Male,62a33cb6cf25554317300177
20,Data Analyst,33,Other,Hispanic or Latino,Bachelors,Yes,0-40k,Other,Python,8,8,8,4,7,8,Difficult,Remote Work,Male,62a40dfa5d257a28a30eb110
20,Data Analyst,33,Other,Hispanic or Latino,Bachelors,Yes,0-40k,Tech,Python,9,10,7,1,8,4,Easy,Better Salary,Male,62a36fe67dc029e2d66c5303
20,Data Analyst,34,Other,Black or African American,Bachelors,No,0-40k,Other,R,1,1,1,1,1,1,Neither easy nor difficult,Remote Work,Male,62a3870bbc6861bf31775841
20,Data Analyst,34,Other,Black or African American,Bachelors,Yes,0-40k,Education,Python,0,0,0,0,0,0,Very Difficult,Better Salary,Male,62a361af0f8c8599d5af6277
20,Data Analyst,34,Other,Other (Please Specify):Latino with Italian roots,"",Yes,0-40k,Tech,R,9,10,9,1,5,10,Neither easy nor difficult,Better Salary,Male,62a33d15f408bae018ed370d
20,Data Analyst,35,India,Asian or Asian American,Masters,No,0-40k,Finance,Python,2,6,5,2,5,3,Neither easy nor difficult,Remote Work,Female,62a5bea05d257a28a3106f7e
20,Data Analyst,35,India,Asian or Asian American,Masters,Yes,0-40k,Tech,Python,3,7,6,2,6,6,Neither easy nor difficult,Better Salary,Male,62a4c49a575fa3a5ae8aadf4
20,Data Analyst,35,India,Other (Please Specify):Indian,Bachelors,Yes,0-40k,Finance,Python,1,1,1,1,1,1,Very Difficult,Better Salary,Male,62a370635d257a28a30de5eb
20,Data Analyst,35,Other,Hispanic or Latino,Bachelors,Yes,0-40k,Healthcare,R,7,7,7,4,5,5,Neither easy nor difficult,Better Salary,Female,62a3fea50a77c1a77f66e41b
20,Data Analyst,35,Other,White or Caucasian,Masters,Yes,0-40k,Other,Python,5,4,2,4,4,2,Neither easy nor difficult,Good Work/Life Balance,Female,62a70b55cec54911e9cedd98
20,Data Analyst,36,Other,Other (Please Specify):Arab,Bachelors,Yes,0-40k,Agriculture,Python,3,4,3,2,3,1,Difficult,Better Salary,Male,62a525aff8f75616458784dd
20,Data Analyst,36,Other,White or Caucasian,Masters,Yes,0-40k,Telecommunication,Python,6,5,6,2,5,8,Neither easy nor difficult,Remote Work,Female,62a3449f7dc029e2d66bf5d1
20,Data Analyst,37,United States,White or Caucasian,Bachelors,Yes,0-40k,Other,Python,5,6,5,0,5,6,Difficult,Remote Work,Male,62aa4790f8d5efcc2202266e
20,Data Analyst,39,Other,White or Caucasian,Associates,Yes,0-40k,Tech,Python,7,6,7,6,5,7,Neither easy nor difficult,Better Salary,Male,62aa956ef8d5efcc22028e3d
20,Data Analyst,40,Other,White or Caucasian,PhD,Yes,0-40k,Other,Other,6,6,4,3,6,5,Neither easy nor difficult,Better Salary,Female,62a384f0cec54911e9cadd6f
20,Data Analyst,41,Other,Hispanic or Latino,Bachelors,Yes,0-40k,Telecommunication,R,7,6,6,2,5,8,Neither easy nor difficult,Good Work/Life Balance,Male,62a377f424a2626027389af3
20,Data Analyst,41,Other,White or Caucasian,Bachelors,Yes,0-40k,Telecommunication,R,5,7,5,5,5,7,Difficult,Better Salary,Male,62a365d5d8c00e9f541a20cf
20,Data Analyst,44,Other,Hispanic or Latino,Bachelors,Yes,0-40k,Tech,Python,8,9,8,8,8,8,Neither easy nor difficult,Good Work/Life Balance,Male,62a35ababae91e4b8b83269d
20,Data Analyst,45,Other,White or Caucasian,Associates,Yes,0-40k,Other,Other,8,4,4,,8,5,Easy,Good Culture,Male,62a4a8cb0a77c1a77f67a405
20,Data Architect,34,Other,White or Caucasian,Masters,Yes,0-40k,Finance,Python,2,5,3,5,3,6,Very Difficult,Good Work/Life Balance,Female,62a38985f8f756164585b89c
20,Data Engineer,21,Other,Hispanic or Latino,Masters,No,0-40k,Tech,R,2,7,5,2,5,3,Neither easy nor difficult,Remote Work,Male,62a34389cec54911e9ca5a22
20,Data Engineer,22,United States,White or Caucasian,Bachelors,No,0-40k,Real Estate,Python,7,2,7,1,1,7,Very Easy,Better Salary,Male,62a403d30f8c8599d5b03d65
20,Data Engineer,23,Other,Black or African American,"",No,0-40k,Other,Python,7,7,5,0,7,8,Easy,Good Work/Life Balance,Male,62a33c2cbc6861bf3176bec1
20,Data Engineer,23,Other,White or Caucasian,Bachelors,Yes,0-40k,Tech,Python,6,7,5,5,6,5,Neither easy nor difficult,Remote Work,Male,62a35ae0575fa3a5ae88ea98
20,Data Engineer,23,United Kingdom,Other (Please Specify):Arab,Bachelors,No,0-40k,Real Estate,Python,8,3,9,3,5,3,Easy,Better Salary,Male,62a6d037cec54911e9ce862a
20,Data Engineer,24,Other,Hispanic or Latino,Bachelors,No,0-40k,Healthcare,Python,6,7,5,6,4,6,Neither easy nor difficult,Good Work/Life Balance,Male,62a37222cf2555431730732d
20,Data Engineer,24,Other,Hispanic or Latino,Bachelors,No,0-40k,Tech,Python,6,3,6,6,4,6,Easy,Other (Please Specify):Career Advancedment,Male,62b795033b026e423f287ecd
20,Data Engineer,25,United Kingdom,White or Caucasian,Bachelors,No,0-40k,Other,Python,10,3,5,0,0,10,Neither easy nor difficult,Better Salary,Male,62a397fb5d257a28a30e279a
20,Data Engineer,26,Other,Hispanic or Latino,Bachelors,Yes,0-40k,Tech,Python,3,9,2,7,5,3,Difficult,Better Salary,Male,62aa29852e54c9003e5d50b5
20,Data Engineer,28,India,Asian or Asian American,Bachelors,Yes,0-40k,Other,Python,6,7,8,5,7,7,Neither easy nor difficult,Good Work/Life Balance,Male,62a61eb02e54c9003e5697f7
20,Data Engineer,28,India,Asian or Asian American,Bachelors,Yes,0-40k,Tech,Python,1,3,0,0,1,4,Easy,Better Salary,Male,62a4514ff408bae018eea94d
20,Data Engineer,28,Other,Hispanic or Latino,Bachelors,Yes,0-40k,Tech,Python,8,7,6,0,5,5,Neither easy nor difficult,Better Salary,Male,62a4d13bbae91e4b8b84f89b
20,Data Engineer,29,Other,Black or African American,Bachelors,Yes,0-40k,Finance,Python,3,4,3,3,3,3,Neither easy nor difficult,Remote Work,Male,62a45f8c0f8c8599d5b09d40
20,Data Engineer,33,Other,Hispanic or Latino,Masters,Yes,0-40k,Tech,Python,6,9,5,7,5,8,Difficult,Better Salary,Male,62a346a37dc029e2d66bfa6d
20,Data Engineer,33,Other,White or Caucasian,Bachelors,Yes,0-40k,Tech,Python,6,9,3,4,7,6,Neither easy nor difficult,Better Salary,Female,62a8592f7dc029e2d672c0a8
20,Data Engineer,36,Other,Asian or Asian American,Associates,Yes,0-40k,Other,Python,7,7,6,4,8,7,Neither easy nor difficult,Better Salary,Male,62a385480f8c8599d5afa5c6
20,Data Scientist,21,Other,Black or African American,Bachelors,No,0-40k,Tech,R,7,7,7,2,7,7,Easy,Better Salary,Male,62a389ed18134ddc75cf24f8
20,Data Scientist,23,Other,Other (Please Specify):Indian,Bachelors,Yes,0-40k,Tech,Python,4,6,0,4,0,4,Difficult,Good Culture,Male,62a37ad924a2626027389f8a
20,Data Scientist,24,Other,Black or African American,"",Yes,0-40k,Finance,Python,6,5,6,0,6,6,Difficult,Better Salary,Male,62a33cb72e54c9003e531c65
20,Data Scientist,26,India,Other (Please Specify):Indian,Masters,No,0-40k,Finance,Python,8,4,6,7,6,7,Neither easy nor difficult,Good Work/Life Balance,Male,62a4afd87dc029e2d66ddb24
20,Data Scientist,30,United Kingdom,White or Caucasian,"",Yes,0-40k,Education,Python,10,8,6,3,7,10,Easy,Good Work/Life Balance,Male,62a33d1ebae91e4b8b82e707
20,Data Scientist,33,India,Asian or Asian American,Bachelors,Yes,0-40k,Real Estate,Python,4,6,5,2,3,3,Very Easy,Better Salary,Male,62ab6ab318134ddc75dabb09
20,Data Scientist,36,Other,White or Caucasian,Masters,Yes,0-40k,Education,Python,1,6,1,3,1,3,Difficult,Better Salary,Male,62a39a340f8c8599d5afc6ce
20,Database Developer,23,India,Asian or Asian American,Bachelors,Yes,0-40k,Tech,Python,7,9,7,5,6,9,Easy,Better Salary,Male,62a75f1b575fa3a5ae8e0010
20,Database Developer,24,United Kingdom,White or Caucasian,Bachelors,Yes,0-40k,Telecommunication,Other,6,5,6,2,3,3,Difficult,Better Salary,Male,62a41968f8d5efcc22f8fd44
20,Database Developer,66,Other,Black or African American,High School,Yes,0-40k,Telecommunication,Python,5,5,5,5,4,5,Easy,Better Salary,Male,62b4404df31287f32e14d1c1
20,Other,20,Other,Black or African American,High School,Yes,0-40k,Other,Other,3,4,3,0,4,3,Neither easy nor difficult,Better Salary,Female,62a3c021f8f756164586043f
20,Other,21,United States,White or Caucasian,Bachelors,No,0-40k,Other,R,7,6,7,4,4,6,Difficult,Better Salary,Male,62b5a3e29bc428d5345f6e89
20,Other,23,India,Asian or Asian American,Bachelors,No,0-40k,Other,Python,6,4,5,3,,3,Difficult,Good Work/Life Balance,Male,62a38de50f8c8599d5afb3e7
20,Other,23,India,Asian or Asian American,Bachelors,Yes,0-40k,Tech,Python,5,1,5,5,5,5,Neither easy nor difficult,Other (Please Specify):My passion is to become a Data analyst,Male,62a344c6f8d5efcc22f7d6e1
20,Other,23,India,Asian or Asian American,Masters,Yes,0-40k,Finance,Python,4,3,2,3,2,2,Difficult,Better Salary,Male,62a4b085cec54911e9cc3afe
20,Other,23,United States,White or Caucasian,Associates,No,0-40k,Other,R,7,10,1,1,4,7,Neither easy nor difficult,Better Salary,Male,62a3784c0f8c8599d5af8fbc
20,Other,24,India,Asian or Asian American,Bachelors,No,0-40k,Tech,R,4,1,1,2,1,1,Easy,Good Work/Life Balance,Male,62a47e3ef3072dd89263c8c0
20,Other,24,India,Asian or Asian American,Bachelors,Yes,0-40k,Tech,Python,5,2,4,3,3,5,Difficult,Better Salary,Female,62a64c6ecf2555431733a7a4
20,Other,24,India,Other (Please Specify):Indian,Bachelors,No,0-40k,Other,Python,2,0,5,1,1,6,Neither easy nor difficult,Better Salary,Male,62abec6cf3072dd8926f2ad0
20,Other,24,Other,Hispanic or Latino,Bachelors,No,0-40k,Tech,Python,6,4,6,5,6,6,Easy,Better Salary,Male,62a34e082e54c9003e534118
20,Other,25,India,Asian or Asian American,Masters,No,0-40k,Tech,Python,5,1,5,0,3,6,Neither easy nor difficult,Better Salary,Male,62a34dbb5d257a28a30d9a61
20,Other,25,India,Other (Please Specify):Indian,Bachelors,No,0-40k,Tech,Python,7,2,7,5,3,8,Difficult,Better Salary,Male,62a6b0790a77c1a77f69cb15
20,Other,25,India,Other (Please Specify):Indian,Masters,Yes,0-40k,Healthcare,Python,8,6,5,10,0,2,Easy,Better Salary,Male,62a36969f8f756164585821d
20,Other,26,Other,White or Caucasian,Masters,No,0-40k,Tech,R,2,10,8,2,9,5,Difficult,Remote Work,Male,62a48d562e54c9003e54ea2b
20,Other,27,Other,White or Caucasian,Bachelors,Yes,0-40k,Other,Python,5,3,3,3,2,4,Neither easy nor difficult,Better Salary,Male,62a421cebc6861bf317803f5
20,Other,27,Other,White or Caucasian,Masters,Yes,0-40k,Tech,Python,8,7,8,7,8,8,Neither easy nor difficult,Good Culture,Male,62a5998fbc6861bf31798ef0
20,Other,28,India,Asian or Asian American,Masters,No,0-40k,Education,Python,1,2,0,1,0,1,Easy,Good Work/Life Balance,Female,62a35236b4da29969c631214
20,Other,28,India,Other (Please Specify):Dravidian,Bachelors,No,0-40k,Telecommunication,Python,8,5,5,3,3,8,Difficult,Better Salary,Male,62a6ac1524a26260273c1cd0
20,Other,28,Other,Hispanic or Latino,Bachelors,Yes,0-40k,Other,Python,7,4,5,3,4,6,Neither easy nor difficult,Better Salary,Male,62b152960f8c8599d5c31550
20,Other,30,Other,Hispanic or Latino,Bachelors,Yes,0-40k,Other,Python,10,10,10,1,8,5,Neither easy nor difficult,Better Salary,Male,62a6772c18134ddc75d25895
20,Other,31,Other,White or Caucasian,"",No,0-40k,Tech,Python,7,6,7,2,5,9,Difficult,Better Salary,Male,62a33f17f8f7561645852867
20,Other,32,Other,White or Caucasian,Masters,No,0-40k,Finance,Python,3,4,7,6,2,6,Very Difficult,Other (Please Specify):Learning opportunity,Male,62a3cde8f8f7561645861366
20,Other,32,United States,Asian or Asian American,Bachelors,Yes,0-40k,Tech,Python,8,5,4,3,5,5,Difficult,Better Salary,Female,62a3958fcec54911e9caf827
20,Other,33,India,Asian or Asian American,Bachelors,No,0-40k,Other,Other,3,4,6,6,6,3,Very Easy,Other (Please Specify):Learning new skills,Male,62a4b2e5f8f75616458712af
20,Other,35,Other,White or Caucasian,Bachelors,No,0-40k,Telecommunication,Python,2,0,0,4,0,3,Neither easy nor difficult,Good Work/Life Balance,Male,62a772da575fa3a5ae8e2a4a
20,Other,35,Other,White or Caucasian,Masters,No,0-40k,Other,Python,5,1,3,2,1,4,Neither easy nor difficult,Good Work/Life Balance,Female,62a38a060a77c1a77f6654b7
20,Other,37,Other,Other (Please Specify):African,Masters,No,0-40k,Construction,R,1,1,3,0,2,0,Neither easy nor difficult,Good Work/Life Balance,Female,62a46ad7d8c00e9f541b664a
20,Other,42,United Kingdom,Other (Please Specify):Bla,Bachelors,No,0-40k,Other,Python,7,1,4,2,8,2,Difficult,Remote Work,Male,62a4d74c5d257a28a30f97fc
20,Other,48,Other,Other (Please Specify):Melayu,Masters,Yes,0-40k,Other,Python,3,2,2,3,2,3,Very Easy,Good Work/Life Balance,Male,62a68f1e0a77c1a77f69a381
20,Student/Looking/None,19,United States,White or Caucasian,High School,No,0-40k,Telecommunication,Python,6,8,7,8,8,10,Neither easy nor difficult,Better Salary,Male,62a78743f8f75616458ab6bb
20,Student/Looking/None,20,India,Asian or Asian American,Bachelors,No,0-40k,Tech,Python,,,,0,,,Difficult,Remote Work,Female,62aaa86bbae91e4b8b8dc832
20,Student/Looking/None,20,India,Asian or Asian American,High School,Yes,0-40k,Other,Python,9,9,9,3,9,9,Neither easy nor difficult,Better Salary,Male,62af07be7dc029e2d67cc3c8
20,Student/Looking/None,20,Other,Asian or Asian American,High School,No,0-40k,Other,Other,0,0,0,0,0,0,Neither easy nor difficult,Better Salary,Male,62a3f6d9bae91e4b8b8408ca
20,Student/Looking/None,21,Other,White or Caucasian,High School,No,0-40k,Other,JavaScript,0,10,0,0,0,0,Neither easy nor difficult,Remote Work,Male,62a3907cbae91e4b8b838917
20,Student/Looking/None,22,India,Asian or Asian American,Bachelors,Yes,0-40k,Other,Python,3,3,3,2,2,2,Difficult,Good Work/Life Balance,Male,62a40276bc6861bf3177e6fd
20,Student/Looking/None,22,Other,Asian or Asian American,Bachelors,No,0-40k,Agriculture,Other,8,8,8,0,8,8,Neither easy nor difficult,Better Salary,Male,62af6371f8d5efcc2208e923
20,Student/Looking/None,22,Other,Other (Please Specify):Arabian (from Maghreb),Masters,Yes,0-40k,Other,Python,5,1,6,5,2,6,Difficult,Remote Work,Male,62ab0bdc575fa3a5ae9413e5
20,Student/Looking/None,22,United States,Hispanic or Latino,Bachelors,No,0-40k,Education,Python,4,4,5,0,2,6,Very Difficult,Remote Work,Female,62a7ce44575fa3a5ae8ece5f
20,Student/Looking/None,22,United States,Other (Please Specify):7,Associates,Yes,0-40k,Finance,Python,,,,4,,,Very Easy,Better Salary,Male,62a40726575fa3a5ae89d990
20,Student/Looking/None,22,United States,White or Caucasian,Bachelors,No,0-40k,Tech,Python,9,3,7,2,3,7,Difficult,Remote Work,Male,62a53c84f3072dd8926495c9
20,Student/Looking/None,23,Canada,Asian or Asian American,Bachelors,Yes,0-40k,Other,Python,6,3,2,0,0,6,Neither easy nor difficult,Better Salary,Male,62a4e5aed8c00e9f541bf48c
20,Student/Looking/None,23,India,Asian or Asian American,Bachelors,No,0-40k,Tech,Python,8,0,0,7,0,5,Neither easy nor difficult,Good Culture,Female,62a34383b4da29969c62f1be
20,Student/Looking/None,23,India,Asian or Asian American,Masters,No,0-40k,Other,Python,8,7,1,1,3,8,Very Easy,Better Salary,Female,62a5f332bc6861bf3179f631
20,Student/Looking/None,23,India,Other (Please Specify):Indian,Bachelors,No,0-40k,Tech,R,0,0,0,0,0,0,Neither easy nor difficult,Good Work/Life Balance,Male,62a346b4bc6861bf3176d7ce
20,Student/Looking/None,23,Other,Asian or Asian American,"",Yes,0-40k,Education,Python,3,6,5,5,2,5,Difficult,Better Salary,Male,62a34020575fa3a5ae88ade0
20,Student/Looking/None,23,Other,Black or African American,Bachelors,Yes,0-40k,Finance,Python,,10,8,,10,,Easy,Remote Work,Male,62a3cafff8d5efcc22f8b5cb
20,Student/Looking/None,23,Other,Other (Please Specify):African,"",Yes,0-40k,Other,R,5,0,0,0,0,0,Very Difficult,Remote Work,Female,62a33e90cec54911e9ca5031
20,Student/Looking/None,23,Other,Other (Please Specify):Kenyan African,"",Yes,0-40k,Construction,Python,0,0,0,0,0,0,Very Difficult,Better Salary,Male,62a34006d8c00e9f5419d341
20,Student/Looking/None,23,United States,Asian or Asian American,Bachelors,Yes,0-40k,Tech,Python,5,5,5,2,5,5,Very Difficult,Remote Work,Male,62a3a7f50a77c1a77f668221
20,Student/Looking/None,23,United States,Black or African American,"",Yes,0-40k,Other,Python,2,1,2,1,4,3,Difficult,Better Salary,Male,62a33d9bf8f7561645852496
20,Student/Looking/None,24,India,Asian or Asian American,Masters,Yes,0-40k,Education,Python,2,1,2,0,1,1,Neither easy nor difficult,Better Salary,Female,62a43f43f408bae018ee9281
20,Student/Looking/None,24,Other,Asian or Asian American,Bachelors,No,0-40k,Other,Other,7,10,8,7,8,9,Neither easy nor difficult,Better Salary,Male,62a3498e575fa3a5ae88c554
20,Student/Looking/None,24,Other,Black or African American,Bachelors,No,0-40k,Tech,Python,3,3,3,0,2,2,Easy,Good Work/Life Balance,Female,62a495d724a262602739ee07
20,Student/Looking/None,24,Other,Black or African American,Bachelors,Yes,0-40k,Construction,Python,0,2,1,0,1,2,Very Difficult,Remote Work,Female,62a388d524a262602738b869
20,Student/Looking/None,24,Other,Other (Please Specify):African,Bachelors,No,0-40k,Finance,Python,6,10,7,8,8,7,Neither easy nor difficult,Remote Work,Male,62a758185d257a28a312bc94
20,Student/Looking/None,24,Other,White or Caucasian,Bachelors,Yes,0-40k,Other,R,7,4,6,3,4,6,Neither easy nor difficult,Good Work/Life Balance,Male,62a47e812e54c9003e54d789
20,Student/Looking/None,24,Other,White or Caucasian,Masters,No,0-40k,Tech,Python,7,8,6,0,7,4,Easy,Other (Please Specify):Learning possibilities,Male,62a36d12f8d5efcc22f82cd8
20,Student/Looking/None,24,United Kingdom,Asian or Asian American,Masters,No,0-40k,Other,R,10,10,10,10,10,10,Neither easy nor difficult,Good Work/Life Balance,Male,62a47947cec54911e9cbf6b2
20,Student/Looking/None,24,United States,Asian or Asian American,Masters,No,0-40k,Healthcare,Python,0,0,0,0,0,0,Neither easy nor difficult,Good Work/Life Balance,Male,62a35fc1f8f7561645856c98
20,Student/Looking/None,24,United States,Black or African American,Associates,No,0-40k,Construction,R,2,2,2,2,2,2,Difficult,Better Salary,Male,62aa21e218134ddc75d8be11
20,Student/Looking/None,24,United States,Hispanic or Latino,High School,No,0-40k,Other,Other,1,1,1,0,0,0,Neither easy nor difficult,Remote Work,Female,62a37b7db4da29969c636123
20,Student/Looking/None,25,Canada,Asian or Asian American,Bachelors,No,0-40k,Tech,R,0,0,0,0,0,0,Neither easy nor difficult,Good Culture,Female,62b35284cec54911e9e1818c
20,Student/Looking/None,25,India,Asian or Asian American,Bachelors,No,0-40k,Tech,R,7,6,6,4,6,7,Neither easy nor difficult,Better Salary,Male,62a8b6ffbae91e4b8b8aa5c2
20,Student/Looking/None,25,India,Asian or Asian American,Masters,Yes,0-40k,Finance,Other,3,3,3,3,3,3,Neither easy nor difficult,Good Work/Life Balance,Male,62aacd922e54c9003e5e33c2
20,Student/Looking/None,25,Other,Asian or Asian American,Bachelors,No,0-40k,Other,Python,0,0,0,0,0,0,Very Difficult,Remote Work,Male,62a42243f8d5efcc22f90c55
20,Student/Looking/None,25,Other,Black or African American,Bachelors,Yes,0-40k,Other,Python,0,4,0,0,0,0,Very Difficult,Better Salary,Female,62a3eea9bae91e4b8b8401a4
20,Student/Looking/None,25,Other,White or Caucasian,Bachelors,No,0-40k,Other,Python,0,5,0,0,0,0,Neither easy nor difficult,Better Salary,Male,62a34b07cec54911e9ca6b6e
20,Student/Looking/None,25,Other,White or Caucasian,Bachelors,Yes,0-40k,Finance,Python,9,8,7,8,8,9,Neither easy nor difficult,Better Salary,Male,62a78f3bf408bae018f2ef51
20,Student/Looking/None,25,Other,White or Caucasian,Masters,No,0-40k,Education,R,4,5,4,5,5,4,Difficult,Good Work/Life Balance,Male,62a36e7024a262602738890a
20,Student/Looking/None,25,United States,Asian or Asian American,Bachelors,No,0-40k,Other,Python,2,1,1,1,1,1,Difficult,Better Salary,Female,62a38023575fa3a5ae89339e
20,Student/Looking/None,25,United States,Black or African American,"",No,0-40k,Other,R,6,0,0,1,0,9,Difficult,Better Salary,Male,62a34bd4f408bae018ed57bd
20,Student/Looking/None,25,United States,White or Caucasian,Masters,No,0-40k,Tech,Python,5,1,5,1,1,4,Difficult,Better Salary,Male,62a3426cf408bae018ed409b
20,Student/Looking/None,26,India,Asian or Asian American,Masters,Yes,0-40k,Telecommunication,Python,3,5,4,0,5,3,Difficult,Good Work/Life Balance,Female,62a95253bae91e4b8b8b91d9
20,Student/Looking/None,26,Other,Asian or Asian American,Bachelors,Yes,0-40k,Education,Python,9,10,8,7,9,8,Difficult,Good Work/Life Balance,Male,62aee103f8f756164595adb8
20,Student/Looking/None,26,Other,Asian or Asian American,Bachelors,Yes,0-40k,Tech,Python,1,2,2,1,1,2,Difficult,Better Salary,Male,62b71083f31287f32e189026
20,Student/Looking/None,26,Other,Black or African American,Bachelors,Yes,0-40k,Tech,Other,3,6,3,2,3,3,Very Difficult,Better Salary,Male,62a344e1f3072dd892623328
20,Student/Looking/None,26,Other,Black or African American,Bachelors,Yes,0-40k,Tech,Python,3,9,5,2,5,3,Easy,Remote Work,Male,62af49025d257a28a31eb2f1
20,Student/Looking/None,26,United States,American Indian or Alaska Native,Bachelors,No,0-40k,Other,Python,0,0,0,0,0,0,Easy,Good Work/Life Balance,Female,62a61076f8f7561645887ded
20,Student/Looking/None,26,United States,Asian or Asian American,High School,No,0-40k,Finance,Python,8,3,5,3,5,4,Neither easy nor difficult,Better Salary,Male,62a816907dc029e2d6725a33
20,Student/Looking/None,26,United States,Asian or Asian American,Masters,Yes,0-40k,Tech,Python,4,4,4,4,3,5,Very Difficult,Better Salary,Female,62a3af66f8f756164585eeb8
20,Student/Looking/None,27,India,Other (Please Specify):Brown,Bachelors,No,0-40k,Tech,Python,5,5,4,3,4,5,Neither easy nor difficult,Better Salary,Male,62a353f07dc029e2d66c1783
20,Student/Looking/None,27,Other,Black or African American,Bachelors,No,0-40k,Education,Python,3,8,0,0,0,0,Difficult,Better Salary,Male,62a615fd18134ddc75d1f1fa
20,Student/Looking/None,27,Other,White or Caucasian,Bachelors,No,0-40k,Education,Python,5,4,5,2,2,5,Difficult,Better Salary,Male,62a58faf2e54c9003e55ef2e
20,Student/Looking/None,27,United States,Asian or Asian American,Masters,Yes,0-40k,Tech,Python,0,5,0,0,4,4,Neither easy nor difficult,Better Salary,Male,62a37ff3bae91e4b8b836ed0
20,Student/Looking/None,29,Other,Other (Please Specify):Russian,Bachelors,Yes,0-40k,Other,R,10,3,10,2,10,10,Neither easy nor difficult,Remote Work,Female,62a3c5f2cec54911e9cb3d9b
20,Student/Looking/None,30,Other,Other (Please Specify):African,Associates,No,0-40k,Education,R,2,3,1,1,0,1,Neither easy nor difficult,Good Work/Life Balance,Male,62a59cd2cec54911e9cd251a
20,Student/Looking/None,30,Other,"Other (Please Specify):Black African, Zimbabwean Citizen","",Yes,0-40k,Other,Other,,7,,,,,Very Easy,Other (Please Specify):I would say a combination of good work/life balance with a better pay and the exposure to a workplace that supposed growth,Male,62a341a1f3072dd8926229a5
20,Student/Looking/None,31,India,Asian or Asian American,Bachelors,Yes,0-40k,Finance,Python,5,3,2,4,2,3,Difficult,Good Culture,Male,62a37c50cec54911e9cacee2
20,Student/Looking/None,31,Other,Black or African American,High School,Yes,0-40k,Tech,Python,2,3,0,0,1,4,Neither easy nor difficult,Better Salary,Male,62aaff342e54c9003e5e79b8
20,Student/Looking/None,31,United States,Black or African American,Masters,Yes,0-40k,Healthcare,Python,7,2,7,3,1,7,Difficult,Better Salary,Male,62a34991b4da29969c62ff4b
20,Student/Looking/None,33,India,Asian or Asian American,Bachelors,No,0-40k,Tech,Python,2,9,2,7,7,7,Easy,Good Work/Life Balance,Male,62aaeecd0f8c8599d5ba6923
20,Student/Looking/None,33,Other,White or Caucasian,Bachelors,Yes,0-40k,Finance,Other,10,4,10,7,3,9,Easy,Remote Work,Male,62a631782e54c9003e56ac36
20,Student/Looking/None,34,Other,Black or African American,High School,No,0-40k,Real Estate,R,0,0,0,0,0,5,Very Difficult,Remote Work,Male,62a3abacd8c00e9f541a96eb
20,Student/Looking/None,36,Other,Black or African American,Bachelors,Yes,0-40k,Other,R,6,9,6,1,6,3,Difficult,Remote Work,Male,62a34117cec54911e9ca54e7
20,Student/Looking/None,38,United Kingdom,Black or African American,Masters,Yes,0-40k,Tech,R,,10,,,,,Easy,Remote Work,Female,62a71930bae91e4b8b878b2b
20,Student/Looking/None,39,Other,Black or African American,High School,Yes,0-40k,Finance,R,5,6,4,3,5,5,Difficult,Better Salary,Male,62a8643bcec54911e9d14297
20,Student/Looking/None,40,Other,Black or African American,Bachelors,Yes,0-40k,Finance,R,4,6,4,4,5,5,Neither easy nor difficult,Remote Work,Female,62a639e05d257a28a3110ef5
20,Student/Looking/None,40,United States,Asian or Asian American,"",Yes,0-40k,Other,JavaScript,0,0,0,0,0,0,Difficult,Remote Work,Female,62a33fcb575fa3a5ae88ad59
20,Student/Looking/None,41,Other,Hispanic or Latino,Bachelors,No,0-40k,Other,R,3,0,0,0,0,1,Neither easy nor difficult,Good Work/Life Balance,Male,62a47ea87dc029e2d66d9b60
20,Student/Looking/None,42,Other,Black or African American,Masters,Yes,0-40k,Other,R,2,4,3,0,3,2,Neither easy nor difficult,Good Work/Life Balance,Male,62a5177d18134ddc75d0e9d8
20,Student/Looking/None,42,Other,White or Caucasian,Associates,No,0-40k,Tech,Python,6,0,7,3,0,7,Difficult,Better Salary,Male,62a35a2c7dc029e2d66c2519
20,Student/Looking/None,42,United Kingdom,White or Caucasian,Masters,Yes,0-40k,Other,Python,1,3,0,1,0,1,Difficult,Remote Work,Female,62a34d4118134ddc75ceb0ed
20,Student/Looking/None,47,Other,White or Caucasian,Bachelors,Yes,0-40k,Real Estate,Python,3,6,3,0,3,3,Difficult,Good Work/Life Balance,Male,62a5db29cf2555431733248f
20,Student/Looking/None,53,Other,Black or African American,Bachelors,Yes,0-40k,Other,Other,0,0,0,0,0,1,Neither easy nor difficult,Good Culture,Male,62a85803f8d5efcc22fea92f
20,Student/Looking/None,92,India,Asian or Asian American,Masters,No,0-40k,Other,Python,6,3,5,5,1,6,Neither easy nor difficult,Good Work/Life Balance,Female,62a43e86f408bae018ee913a
53,Data Analyst,21,United States,Asian or Asian American,Bachelors,No,41k-65k,Healthcare,Python,8,0,7,1,0,2,Difficult,Better Salary,Male,62a34f2af8f7561645854c1c
53,Data Analyst,22,India,Asian or Asian American,Masters,No,41k-65k,Tech,Python,9,10,10,9,10,7,Neither easy nor difficult,Good Work/Life Balance,Female,62a617c30a77c1a77f6925fc
53,Data Analyst,22,United States,Asian or Asian American,Bachelors,No,41k-65k,Other,Python,6,8,7,8,6,7,Easy,Remote Work,Male,62b89039377223ff07b80fb5
53,Data Analyst,23,Canada,Asian or Asian American,Bachelors,No,41k-65k,Tech,R,8,7,8,4,5,7,Easy,Better Salary,Male,62a34d1ff8f756164585465c
53,Data Analyst,23,Canada,Black or African American,Masters,No,41k-65k,Other,Python,5,3,2,5,3,6,Easy,Remote Work,Male,62a633b4d8c00e9f541d54a4
53,Data Analyst,23,India,Asian or Asian American,Bachelors,Yes,41k-65k,Finance,Python,9,8,9,8,9,9,Very Difficult,Better Salary,Male,62a3483018134ddc75cea4e6
53,Data Analyst,23,India,Asian or Asian American,Bachelors,Yes,41k-65k,Tech,Python,10,9,8,3,9,9,Easy,Better Salary,Male,62a34425f8d5efcc22f7d525
53,Data Analyst,23,United States,Asian or Asian American,Masters,No,41k-65k,Healthcare,C/C++,9,9,9,7,4,8,Easy,Remote Work,Male,62a48cbdf408bae018eeeccf
53,Data Analyst,23,United States,Hispanic or Latino,High School,No,41k-65k,Agriculture,Python,4,1,5,2,1,2,Neither easy nor difficult,Better Salary,Male,62ad591424a2626027471080
53,Data Analyst,24,Other,Other (Please Specify):Arab,Bachelors,Yes,41k-65k,Tech,Python,10,8,10,9,5,7,Neither easy nor difficult,Better Salary,Male,62aa5c11f408bae018f7dec0
53,Data Analyst,24,Other,White or Caucasian,Bachelors,No,41k-65k,Finance,Python,7,5,7,4,5,7,Easy,Better Salary,Male,62a868c5cf2555431737094b
53,Data Analyst,24,United States,White or Caucasian,Bachelors,Yes,41k-65k,Finance,R,5,5,5,2,4,5,Easy,Better Salary,Male,62a3b135b4da29969c63b1ed
53,Data Analyst,25,Canada,Asian or Asian American,Bachelors,Yes,41k-65k,Other,Other,6,4,6,3,4,6,Easy,Better Salary,Male,62a349bbf8f756164585400d
53,Data Analyst,25,Canada,Asian or Asian American,Bachelors,Yes,41k-65k,Other,Python,9,4,9,9,7,9,Difficult,Better Salary,Male,62a348f2f8d5efcc22f7e2ba
53,Data Analyst,25,Other,Hispanic or Latino,Masters,No,41k-65k,Finance,Python,9,5,9,6,7,5,Neither easy nor difficult,"Other (Please Specify):I just started and I don't like programming so much, so I would search for a more ""impactiful"" role. Meaning: being able to take decisions that steer the business.",Female,62a385ddbae91e4b8b837855
53,Data Analyst,25,United Kingdom,Asian or Asian American,Masters,No,41k-65k,Healthcare,R,3,6,2,1,0,4,Difficult,Better Salary,Male,62a354bdb4da29969c631700
53,Data Analyst,25,United Kingdom,Black or African American,Bachelors,No,41k-65k,Other,Python,4,6,5,5,6,5,Neither easy nor difficult,Better Salary,Male,62a48d4df8d5efcc22f98308
53,Data Analyst,25,United States,Asian or Asian American,Bachelors,Yes,41k-65k,Healthcare,Other,9,0,10,3,5,10,Neither easy nor difficult,Better Salary,Female,62a3a90f24a262602738e800
53,Data Analyst,25,United States,Asian or Asian American,Bachelors,Yes,41k-65k,Tech,Python,7,6,7,5,7,6,Difficult,Better Salary,Male,62a343d9f3072dd892622fe4
53,Data Analyst,25,United States,Asian or Asian American,Masters,No,41k-65k,Agriculture,Other,5,2,5,3,3,5,Neither easy nor difficult,Better Salary,Female,62a3980c7dc029e2d66c9a81
53,Data Analyst,25,United States,Hispanic or Latino,High School,Yes,41k-65k,Finance,Python,5,9,7,6,8,9,Difficult,Remote Work,Male,62a5ebe05d257a28a310ac53
53,Data Analyst,25,United States,White or Caucasian,Bachelors,No,41k-65k,Other,R,5,6,4,4,5,6,Neither easy nor difficult,Better Salary,Male,62a3578b0a77c1a77f65f279
53,Data Analyst,25,United States,White or Caucasian,Bachelors,No,41k-65k,Tech,R,9,10,10,10,10,8,Easy,Better Salary,Male,62a34b1b0f8c8599d5af328b
53,Data Analyst,25,United States,White or Caucasian,Bachelors,Yes,41k-65k,Healthcare,Python,9,10,3,4,0,10,Difficult,Good Work/Life Balance,Male,62a3d9697dc029e2d66cf087
53,Data Analyst,26,Canada,Asian or Asian American,Masters,Yes,41k-65k,Other,Python,10,8,10,6,10,10,Difficult,Better Salary,Female,62a7988bbae91e4b8b88b8ee
53,Data Analyst,26,Canada,Other (Please Specify):South Asian,"",No,41k-65k,Finance,Python,5,5,5,2,5,3,Difficult,Better Salary,Female,62a33efe0a77c1a77f65bf1e
53,Data Analyst,26,Other,White or Caucasian,Masters,No,41k-65k,Healthcare,R,8,10,6,7,5,5,Difficult,"Other (Please Specify):Want to move from Australia to Canada, so position in desired country",Female,62a35631cf25554317303425
53,Data Analyst,26,Other,White or Caucasian,Masters,No,41k-65k,Other,Python,2,2,3,2,2,6,Easy,Better Salary,Male,62a34ff1f408bae018ed601d
53,Data Analyst,26,United States,Black or African American,Bachelors,No,41k-65k,Education,Python,8,7,8,7,6,7,Neither easy nor difficult,Good Work/Life Balance,Male,62a38a4d575fa3a5ae8944df
53,Data Analyst,26,United States,Black or African American,Masters,No,41k-65k,Finance,R,8,9,6,7,6,9,Neither easy nor difficult,Good Culture,Male,62a4abb30f8c8599d5b0fc24
53,Data Analyst,26,United States,Hispanic or Latino,Bachelors,No,41k-65k,Other,R,10,6,10,4,8,10,Very Difficult,Better Salary,Male,62a49fe7b4da29969c64bbe1
53,Data Analyst,26,United States,White or Caucasian,Bachelors,Yes,41k-65k,Healthcare,Python,6,7,6,4,6,7,Neither easy nor difficult,Better Salary,Female,62a44ae2f8f7561645869335
53,Data Analyst,27,Canada,White or Caucasian,Bachelors,Yes,41k-65k,Tech,Python,6,5,6,3,5,6,Neither easy nor difficult,Better Salary,Male,62ab83a7d8c00e9f54263d2e
53,Data Analyst,27,India,Asian or Asian American,Bachelors,Yes,41k-65k,Other,Python,9,10,6,5,7,6,Neither easy nor difficult,Better Salary,Male,62a789015d257a28a3132977
53,Data Analyst,27,Other,Asian or Asian American,Bachelors,Yes,41k-65k,Finance,Python,3,10,5,6,0,10,Difficult,Good Culture,Male,62a35878575fa3a5ae88e5d5
53,Data Analyst,27,Other,Black or African American,Masters,No,41k-65k,Tech,Python,6,5,6,6,3,6,Difficult,Good Culture,Male,62a34400d8c00e9f5419dc2b
53,Data Analyst,27,Other,White or Caucasian,Masters,No,41k-65k,Other,Python,3,4,5,9,2,8,Easy,Better Salary,Male,62a4c6060a77c1a77f67c772
53,Data Analyst,27,United States,Black or African American,Bachelors,No,41k-65k,Other,Python,10,3,7,5,3,6,Neither easy nor difficult,Remote Work,Male,62aa98bfcf255543173adbdc
53,Data Analyst,27,United States,Black or African American,Masters,Yes,41k-65k,Healthcare,R,3,5,3,1,6,5,Difficult,Remote Work,Female,62a5edba0a77c1a77f68f1b5
53,Data Analyst,27,United States,Hispanic or Latino,Bachelors,No,41k-65k,Other,R,6,0,4,1,2,2,Easy,Better Salary,Male,62a35ae87dc029e2d66c279b
53,Data Analyst,27,United States,Hispanic or Latino,Masters,No,41k-65k,Education,R,7,7,7,4,2,7,Neither easy nor difficult,Better Salary,Female,62a41964d8c00e9f541b061d
53,Data Analyst,27,United States,Other (Please Specify):N/A,Bachelors,Yes,41k-65k,Other,Python,10,9,9,6,7,8,Easy,Better Salary,Male,62a36275bc6861bf31771183
53,Data Analyst,27,United States,White or Caucasian,Bachelors,Yes,41k-65k,Other,Python,7,6,6,2,5,3,Neither easy nor difficult,Better Salary,Male,62a574b3b4da29969c658eb4
53,Data Analyst,28,Canada,Asian or Asian American,Masters,Yes,41k-65k,Other,Python,7,6,7,3,7,7,Difficult,Good Culture,Male,62a3c476bc6861bf3177ad9d
53,Data Analyst,28,United Kingdom,Asian or Asian American,Bachelors,Yes,41k-65k,Other,Python,9,9,9,7,7,9,Easy,Better Salary,Female,62a642690f8c8599d5b2ab37
53,Data Analyst,28,United Kingdom,White or Caucasian,Bachelors,Yes,41k-65k,Other,Python,3,1,3,3,1,5,Neither easy nor difficult,Better Salary,Male,62a3ba4dbc6861bf31779f24
53,Data Analyst,28,United States,Hispanic or Latino,"",Yes,41k-65k,Telecommunication,Python,3,4,3,2,0,0,Very Difficult,Better Salary,Male,62a33cd8bc6861bf3176c05f
53,Data Analyst,28,United States,Hispanic or Latino,Masters,Yes,41k-65k,Healthcare,R,5,2,6,0,0,6,Easy,Other (Please Specify):Opportunities for growth,Male,62a381d024a262602738ab19
53,Data Analyst,28,United States,White or Caucasian,Bachelors,Yes,41k-65k,Other,Python,7,10,10,2,5,4,Neither easy nor difficult,Remote Work,Male,62a38a97cf25554317309af2
53,Data Analyst,28,United States,White or Caucasian,Masters,Yes,41k-65k,Telecommunication,R,6,7,4,3,3,5,Difficult,Other (Please Specify):All of the options are important to me when looking for a new job,Male,62a35aa2f8d5efcc22f8075d
53,Data Analyst,29,Canada,Other (Please Specify),Bachelors,No,41k-65k,Other,Other,8,4,8,6,4,10,Neither easy nor difficult,Better Salary,Female,62a36ac6cf255543173063d8
53,Data Analyst,29,India,Asian or Asian American,Masters,No,41k-65k,Other,Python,3,,3,0,3,3,Difficult,Remote Work,Male,62a36ad1f408bae018ed9793
53,Data Analyst,29,Other,Asian or Asian American,Masters,No,41k-65k,Healthcare,Python,9,8,9,7,9,5,Neither easy nor difficult,Remote Work,Male,62a390e4f3072dd89262c0cd
53,Data Analyst,29,Other,Black or African American,"",Yes,41k-65k,Finance,Python,5,5,5,5,5,5,Easy,Remote Work,Male,62a33dedd8c00e9f5419ce2b
53,Data Analyst,29,Other,Black or African American,Masters,No,41k-65k,Other,Python,9,9,9,7,4,5,Neither easy nor difficult,Good Work/Life Balance,Female,62a4fe370f8c8599d5b158c4
53,Data Analyst,29,United States,Asian or Asian American,Bachelors,Yes,41k-65k,Other,Python,7,7,7,0,0,7,Easy,Good Culture,Male,62a355445d257a28a30dab12
53,Data Analyst,29,United States,Hispanic or Latino,Bachelors,No,41k-65k,Other,C/C++,6,4,2,5,0,6,Neither easy nor difficult,Better Salary,Male,62a8fcf5cf25554317384604
53,Data Analyst,29,United States,White or Caucasian,"",Yes,41k-65k,Finance,Python,7,5,7,4,7,10,Difficult,Good Culture,Male,62a33d5c0f8c8599d5af107c
53,Data Analyst,29,United States,White or Caucasian,Bachelors,Yes,41k-65k,Agriculture,Python,5,6,5,3,5,6,Neither easy nor difficult,Better Salary,Male,62a77cb7b4da29969c68743a
53,Data Analyst,30,Canada,Asian or Asian American,Masters,Yes,41k-65k,Construction,Other,1,3,2,1,2,4,Easy,Better Salary,Female,62a6a11a0a77c1a77f69b7cb
53,Data Analyst,30,Other,Hispanic or Latino,Bachelors,No,41k-65k,Finance,Python,5,5,5,5,4,5,Neither easy nor difficult,Good Culture,Male,62a349d5d8c00e9f5419ead2
53,Data Analyst,30,United Kingdom,White or Caucasian,Masters,Yes,41k-65k,Tech,Python,8,10,8,4,10,8,Very Easy,Remote Work,Male,62aaf8397dc029e2d6773cde
53,Data Analyst,31,Other,White or Caucasian,Masters,Yes,41k-65k,Tech,Python,4,6,5,3,3,5,Neither easy nor difficult,Good Work/Life Balance,Female,62a49e087dc029e2d66dc57e
53,Data Analyst,31,Other,White or Caucasian,Masters,Yes,41k-65k,Telecommunication,Python,7,7,5,6,6,6,Difficult,Good Culture,Male,62a345c47dc029e2d66bf80a
53,Data Analyst,31,United States,Black or African American,Bachelors,Yes,41k-65k,Other,Python,7,8,7,5,4,10,Easy,Better Salary,Male,62a6c3d9cec54911e9ce7669
53,Data Analyst,31,United States,White or Caucasian,"",No,41k-65k,Construction,R,5,5,5,4,4,5,Neither easy nor difficult,Good Culture,Male,62a33d4624a26260273824c4
53,Data Analyst,32,Other,Black or African American,Bachelors,No,41k-65k,Other,Other,6,3,2,5,2,6,Neither easy nor difficult,Better Salary,Male,62a76c962e54c9003e588661
53,Data Analyst,32,Other,Black or African American,Masters,Yes,41k-65k,Telecommunication,Other,5,6,6,4,4,7,Difficult,Better Salary,Female,62aa2f44bc6861bf3180fd06
53,Data Analyst,32,Other,Other (Please Specify):Sudanese African,Bachelors,Yes,41k-65k,Healthcare,Other,,6,,,,,Easy,Good Work/Life Balance,Male,62a52629b4da29969c654a94
53,Data Analyst,32,Other,White or Caucasian,Bachelors,Yes,41k-65k,Tech,Python,3,8,2,5,4,8,Neither easy nor difficult,Good Culture,Male,62a5d350f3072dd892652c70
53,Data Analyst,32,United Kingdom,Hispanic or Latino,Masters,Yes,41k-65k,Other,Python,7,7,7,5,7,7,Difficult,Better Salary,Male,62a6e2815d257a28a311c8f9
53,Data Analyst,32,United Kingdom,White or Caucasian,Bachelors,Yes,41k-65k,Other,Python,7,7,7,5,7,5,Easy,Better Salary,Male,62a35541f3072dd892625517
53,Data Analyst,32,United States,Black or African American,Bachelors,Yes,41k-65k,Construction,Python,6,7,6,4,5,6,Easy,Better Salary,Male,62a4dd63f408bae018ef4e51
53,Data Analyst,32,United States,White or Caucasian,Masters,Yes,41k-65k,Real Estate,R,6,6,6,4,6,6,Difficult,Remote Work,Female,62a50775f8f756164587677b
53,Data Analyst,33,Canada,Black or African American,Masters,Yes,41k-65k,Tech,Python,8,10,8,4,6,9,Neither easy nor difficult,Better Salary,Female,62a3a4fdbae91e4b8b83ab6f
53,Data Analyst,33,United Kingdom,White or Caucasian,High School,Yes,41k-65k,Finance,Python,6,6,6,5,6,6,Neither easy nor difficult,Remote Work,Male,62a340d62e54c9003e5324b4
53,Data Analyst,33,United States,Asian or Asian American,Bachelors,No,41k-65k,Healthcare,Other,5,3,5,3,3,7,Neither easy nor difficult,Better Salary,Female,62a3d37c0a77c1a77f66bc0e
53,Data Analyst,33,United States,Asian or Asian American,Bachelors,Yes,41k-65k,Other,Other,3,6,3,4,5,4,Very Difficult,Better Salary,Male,62a346cef8f756164585385b
53,Data Analyst,33,United States,White or Caucasian,High School,Yes,41k-65k,Healthcare,R,6,6,6,4,5,5,Neither easy nor difficult,Better Salary,Female,62a4b29a5d257a28a30f6c63
53,Data Analyst,34,Other,White or Caucasian,Masters,Yes,41k-65k,Healthcare,Python,8,10,8,8,5,5,Difficult,Remote Work,Female,62a58d20575fa3a5ae8b6969
53,Data Analyst,34,United States,White or Caucasian,Bachelors,Yes,41k-65k,Tech,Python,7,5,5,8,6,10,Neither easy nor difficult,Good Culture,Female,62a49b3cb4da29969c64b5dc
53,Data Analyst,34,United States,White or Caucasian,High School,Yes,41k-65k,Other,R,6,6,5,4,5,6,Neither easy nor difficult,Remote Work,Female,62a40da3cf255543173132e2
53,Data Analyst,35,United States,Black or African American,Masters,Yes,41k-65k,Tech,Python,6,7,6,3,6,5,Difficult,Good Culture,Male,62a3e2abf8f75616458628d1
53,Data Analyst,36,Canada,Asian or Asian American,"",No,41k-65k,Finance,R,5,3,2,1,1,2,Very Difficult,Remote Work,Male,62a33ba1bae91e4b8b82e35c
53,Data Analyst,36,United States,White or Caucasian,Bachelors,Yes,41k-65k,Healthcare,Python,10,3,8,1,10,10,Neither easy nor difficult,Better Salary,Female,62a57263cec54911e9ccf648
53,Data Analyst,37,United States,White or Caucasian,Bachelors,Yes,41k-65k,Healthcare,R,4,6,6,3,4,6,Neither easy nor difficult,Better Salary,Male,62a34ff4f3072dd892624b32
53,Data Analyst,38,Other,White or Caucasian,High School,Yes,41k-65k,Healthcare,Other,8,8,4,7,6,8,Neither easy nor difficult,Good Culture,Male,62a3a0bcf8f756164585daf7
53,Data Analyst,39,Other,White or Caucasian,Masters,No,41k-65k,Finance,Other,4,5,6,7,4,5,Easy,Good Work/Life Balance,Female,62b16a5c5d257a28a321a74c
53,Data Analyst,42,Other,Other (Please Specify):Indian,"",Yes,41k-65k,Other,Other,6,6,5,5,4,6,Very Difficult,Better Salary,Male,62a33fa5cec54911e9ca51f1
53,Data Analyst,42,Other,White or Caucasian,Masters,No,41k-65k,Other,Python,5,9,,6,6,8,Neither easy nor difficult,Remote Work,Female,62a346d90a77c1a77f65d08d
53,Data Analyst,42,United Kingdom,Black or African American,Masters,Yes,41k-65k,Finance,Python,5,6,5,4,6,5,Neither easy nor difficult,Good Work/Life Balance,Male,62a441e3575fa3a5ae8a1552
53,Data Analyst,42,United States,White or Caucasian,Associates,Yes,41k-65k,Education,R,5,4,4,3,3,6,Neither easy nor difficult,Better Salary,Male,62a345490a77c1a77f65cc5b
53,Data Analyst,44,United States,Black or African American,"",Yes,41k-65k,Healthcare,R,4,1,4,1,0,4,Difficult,Better Salary,Male,62a33c91f3072dd892621e03
53,Data Analyst,48,United Kingdom,White or Caucasian,Masters,No,41k-65k,Other,Other,4,4,1,1,1,4,Easy,Good Culture,Female,62a6d2532e54c9003e575d9c
53,Data Analyst,48,United States,White or Caucasian,Bachelors,Yes,41k-65k,Tech,Python,5,4,4,3,4,3,Neither easy nor difficult,Better Salary,Male,62a73aa824a26260273d0172
53,Data Analyst,50,Canada,White or Caucasian,Bachelors,Yes,41k-65k,Tech,Python,4,4,4,3,4,5,Neither easy nor difficult,Good Work/Life Balance,Male,62a3777624a262602738997e
53,Data Analyst,55,United States,Other (Please Specify):Race isn't a thing,Masters,Yes,41k-65k,Finance,Python,6,6,4,4,5,4,Difficult,Better Salary,Female,62a348bf2e54c9003e533634
53,Data Engineer,22,United States,White or Caucasian,Bachelors,Yes,41k-65k,Finance,Python,5,6,5,2,4,4,Difficult,Better Salary,Male,62a35eabf408bae018ed7cbc
53,Data Engineer,24,United States,Black or African American,Bachelors,No,41k-65k,Finance,Python,6,6,6,0,6,6,Very Easy,Better Salary,Male,62a55fe1f8d5efcc22fa5fe4
53,Data Engineer,25,Other,Other (Please Specify):Middleeas,High School,Yes,41k-65k,Other,JavaScript,6,6,6,6,6,6,Difficult,Good Culture,Male,62a34b99cec54911e9ca6e14
53,Data Engineer,30,Other,White or Caucasian,Masters,No,41k-65k,Construction,Python,8,5,5,6,5,8,Neither easy nor difficult,Better Salary,Male,62a960567dc029e2d6749dd8
53,Data Engineer,35,United Kingdom,Asian or Asian American,Masters,Yes,41k-65k,Tech,Python,3,5,4,4,4,4,Neither easy nor difficult,Remote Work,Female,62a5390cb4da29969c655ccc
53,Data Engineer,37,Canada,White or Caucasian,Masters,Yes,41k-65k,Tech,Python,5,7,0,0,0,7,Neither easy nor difficult,Remote Work,Male,62a357390a77c1a77f65f189
53,Data Scientist,18,United States,White or Caucasian,Bachelors,No,41k-65k,Other,Python,10,10,10,9,10,10,Neither easy nor difficult,Good Culture,Male,62a5f872bae91e4b8b861e53
53,Data Scientist,30,Other,Asian or Asian American,Bachelors,Yes,41k-65k,Finance,Python,7,7,4,5,5,7,Neither easy nor difficult,Better Salary,Male,62a6ea03d8c00e9f541e3594
53,Data Scientist,40,Other,White or Caucasian,Masters,No,41k-65k,Tech,R,7,2,1,5,1,1,Neither easy nor difficult,Good Work/Life Balance,Male,62aa3454bae91e4b8b8d3249
53,Data Scientist,44,United Kingdom,White or Caucasian,Bachelors,Yes,41k-65k,Other,Python,10,10,10,8,10,8,Easy,Good Culture,Female,62a65db824a26260273bc9ff
53,Database Developer,29,United States,White or Caucasian,Bachelors,Yes,41k-65k,Other,Python,8,8,9,6,6,8,Difficult,Remote Work,Male,62a385e7b4da29969c6372ab
53,Database Developer,29,United States,White or Caucasian,Masters,Yes,41k-65k,Education,Other,7,7,7,4,7,7,Difficult,Better Salary,Female,62b27004bc6861bf318c9038
53,Other,21,United States,Asian or Asian American,Bachelors,No,41k-65k,Education,Python,5,4,5,3,3,6,Easy,Remote Work,Male,62a42527b4da29969c6423f7
53,Other,22,United States,White or Caucasian,Bachelors,No,41k-65k,Other,Python,6,8,5,3,7,10,Neither easy nor difficult,Remote Work,Female,62a4ce2bbae91e4b8b84f3db
53,Other,22,United States,White or Caucasian,Masters,No,41k-65k,Other,R,5,5,5,5,5,5,Difficult,Good Work/Life Balance,Male,62a39e69d8c00e9f541a8358
53,Other,23,India,Asian or Asian American,Bachelors,Yes,41k-65k,Other,Other,7,6,7,6,7,7,Neither easy nor difficult,Other (Please Specify):Remote too,Male,62a8cd29bc6861bf317ea9a2
53,Other,24,Canada,Asian or Asian American,Bachelors,Yes,41k-65k,Other,R,5,4,6,3,3,5,Neither easy nor difficult,Better Salary,Male,62a348650f8c8599d5af2b77
53,Other,24,United States,Hispanic or Latino,Bachelors,No,41k-65k,Tech,Python,6,8,8,8,7,6,Neither easy nor difficult,Better Salary,Male,62a75ed0f8f75616458a5d1a
53,Other,24,United States,White or Caucasian,Masters,No,41k-65k,Other,R,5,3,5,3,4,4,Difficult,Better Salary,Male,62a35472cec54911e9ca82bc
53,Other,25,India,Asian or Asian American,Bachelors,No,41k-65k,Finance,Python,3,1,0,3,0,3,Difficult,Good Work/Life Balance,Male,62a39214f8f756164585c6b6
53,Other,25,United States,Asian or Asian American,Masters,No,41k-65k,Healthcare,Python,10,10,10,7,5,10,Easy,Better Salary,Male,62a440ab575fa3a5ae8a1418
53,Other,25,United States,White or Caucasian,Masters,No,41k-65k,Education,Python,8,7,8,4,6,9,Neither easy nor difficult,Better Salary,Male,62a77967f8d5efcc22fd4c81
53,Other,27,India,American Indian or Alaska Native,Bachelors,Yes,41k-65k,Telecommunication,Python,4,6,5,4,5,5,Difficult,Good Work/Life Balance,Male,62a749ebd8c00e9f541efa36
53,Other,27,United Kingdom,White or Caucasian,Masters,No,41k-65k,Tech,Python,5,7,6,7,6,9,Easy,Other (Please Specify):The work,Male,62a74e28b4da29969c681108
53,Other,27,United States,Black or African American,Masters,Yes,41k-65k,Other,Other,9,10,6,3,5,6,Difficult,Other (Please Specify):Mentorship from leading Data Analyst,Male,62a3ae69bc6861bf3177900d
53,Other,28,Other,White or Caucasian,Bachelors,Yes,41k-65k,Tech,Python,4,8,3,6,9,7,Difficult,Better Salary,Male,62a34340bc6861bf3176d05b
53,Other,29,Other,Hispanic or Latino,Bachelors,Yes,41k-65k,Finance,Python,10,10,10,8,10,10,Neither easy nor difficult,Better Salary,Male,62ae680024a2626027483ebc
53,Other,29,United States,Black or African American,Masters,Yes,41k-65k,Healthcare,R,9,8,8,5,8,7,Neither easy nor difficult,Better Salary,Female,62a3aaa3cec54911e9cb1724
53,Other,29,United States,White or Caucasian,Bachelors,No,41k-65k,Other,C/C++,7,3,7,3,0,6,Very Difficult,Better Salary,Male,62a341e8f8d5efcc22f7d002
53,Other,31,United Kingdom,White or Caucasian,Bachelors,No,41k-65k,Tech,Other,4,3,5,4,5,5,Easy,Good Culture,Female,62acf0890f8c8599d5bdce87
53,Other,32,Other,Asian or Asian American,Bachelors,No,41k-65k,Tech,JavaScript,5,0,5,7,0,7,Difficult,Good Culture,Male,62aa5761bc6861bf318141fc
53,Other,32,Other,Hispanic or Latino,Bachelors,Yes,41k-65k,Finance,Other,10,5,10,7,4,10,Neither easy nor difficult,Good Work/Life Balance,Female,62aa1734f3072dd8926c4168
53,Other,32,Other,White or Caucasian,"",No,41k-65k,Other,Python,8,7,8,5,8,10,Neither easy nor difficult,Remote Work,Male,62a33f0ef408bae018ed3aeb
53,Other,33,United States,White or Caucasian,Bachelors,No,41k-65k,Other,Python,5,3,1,1,0,5,Easy,Better Salary,Female,62a38c120f8c8599d5afb0e9
53,Other,34,United Kingdom,White or Caucasian,Bachelors,Yes,41k-65k,Other,Python,9,10,9,8,10,8,Very Easy,Better Salary,Male,62a3493fb4da29969c62fe63
53,Other,35,Other,White or Caucasian,Masters,No,41k-65k,Healthcare,Python,8,10,8,6,8,8,Neither easy nor difficult,Good Work/Life Balance,Female,62a39a95bc6861bf3177751d
53,Other,36,United States,Asian or Asian American,Masters,No,41k-65k,Other,Python,6,4,5,2,6,7,Neither easy nor difficult,Better Salary,Male,62a5038acec54911e9cc9526
53,Other,38,Other,White or Caucasian,Masters,Yes,41k-65k,Other,Python,8,7,7,6,9,8,Neither easy nor difficult,Good Work/Life Balance,Male,62a3424eb4da29969c62eedd
53,Other,42,United States,Black or African American,Bachelors,Yes,41k-65k,Education,Other,2,0,0,0,0,0,Very Difficult,Good Work/Life Balance,Female,62a34da0f408bae018ed5abd
53,Other,42,United States,White or Caucasian,Bachelors,No,41k-65k,Education,Other,10,0,5,0,0,1,Difficult,Better Salary,Female,62a3e32bd8c00e9f541ad5f0
53,Other,43,Other,Asian or Asian American,High School,No,41k-65k,Tech,C/C++,7,7,7,7,7,7,Neither easy nor difficult,Better Salary,Female,62a3c7f1bc6861bf3177b06e
53,Other,51,United States,Black or African American,Bachelors,No,41k-65k,Healthcare,JavaScript,6,4,5,2,3,4,Easy,Better Salary,Female,62a347b4f8f7561645853a98
53,Student/Looking/None,25,Other,Asian or Asian American,Masters,Yes,41k-65k,Tech,Python,6,6,6,6,6,6,Easy,Good Culture,Male,62a3489318134ddc75cea659
53,Student/Looking/None,26,Canada,Asian or Asian American,"",No,41k-65k,Tech,R,8,3,6,7,8,8,Very Difficult,Better Salary,Female,62a33dbdd8c00e9f5419cd65
53,Student/Looking/None,31,United States,Black or African American,"",Yes,41k-65k,Finance,Python,10,3,10,10,5,7,Very Difficult,Good Work/Life Balance,Male,62a33e9df8f756164585277b
53,Student/Looking/None,32,Other,White or Caucasian,Masters,No,41k-65k,Construction,Other,10,10,10,10,4,4,Neither easy nor difficult,Remote Work,Male,62a360dbd8c00e9f541a16cf
53,Student/Looking/None,34,Canada,Asian or Asian American,Associates,Yes,41k-65k,Other,Python,6,1,1,2,1,4,Very Difficult,Better Salary,Male,62a35d8f575fa3a5ae88efd6
53,Student/Looking/None,34,United States,White or Caucasian,"",Yes,41k-65k,Construction,Python,2,0,2,2,0,0,Very Difficult,Remote Work,Male,62a33f5a5d257a28a30d7bb5
53,Student/Looking/None,37,United States,White or Caucasian,Bachelors,No,41k-65k,Other,Python,0,2,1,0,4,4,Very Difficult,Good Work/Life Balance,Male,62a410b5cec54911e9cb8262
53,Student/Looking/None,39,United States,Hispanic or Latino,Bachelors,No,41k-65k,Healthcare,Python,10,2,10,0,4,10,Neither easy nor difficult,Remote Work,Female,62a345b2bae91e4b8b82fad6
53,Student/Looking/None,43,Other,White or Caucasian,"",No,41k-65k,Telecommunication,Python,3,3,4,3,0,1,Easy,Good Work/Life Balance,Male,62a33fcf18134ddc75ce91c3
53,Student/Looking/None,47,United States,Black or African American,Bachelors,No,41k-65k,Tech,Other,7,7,7,7,8,8,Neither easy nor difficult,"Other (Please Specify):Mix of better salary, good work/life balance, remote work and good culture",Female,62a3ca44bae91e4b8b83dcd4
75.5,Data Analyst,22,United States,Other (Please Specify):Mixed ( Caucasian / African-American ),Bachelors,Yes,66k-85k,Finance,Other,7,10,7,8,10,8,Very Easy,Good Work/Life Balance,Male,62a352a32e54c9003e534981
75.5,Data Analyst,23,United States,Hispanic or Latino,Bachelors,No,66k-85k,Other,Other,10,10,9,7,7,4,Difficult,Better Salary,Male,62a367ed18134ddc75cee697
75.5,Data Analyst,23,United States,White or Caucasian,"",No,66k-85k,Other,Other,5,2,5,7,5,10,Difficult,Other (Please Specify):Responsibilities,Male,62a33e72bae91e4b8b82ea1a
75.5,Data Analyst,23,United States,White or Caucasian,Associates,No,66k-85k,Tech,Python,7,8,7,8,8,6,Easy,Better Salary,Male,62a3fe0d5d257a28a30ea3c8
75.5,Data Analyst,24,United Kingdom,White or Caucasian,Bachelors,No,66k-85k,Finance,Python,5,10,7,7,9,5,Very Easy,Remote Work,Male,62a361cc575fa3a5ae88f908
75.5,Data Analyst,24,United States,Hispanic or Latino,Bachelors,Yes,66k-85k,Tech,Python,6,6,6,6,5,6,Difficult,Other (Please Specify):Currently very happy with where I am.,Female,62a341b0f8f7561645852d1d
75.5,Data Analyst,24,United States,White or Caucasian,Bachelors,No,66k-85k,Healthcare,Python,9,6,7,7,7,8,Easy,Better Salary,Male,62a448832e54c9003e5491c5
75.5,Data Analyst,24,United States,White or Caucasian,Bachelors,Yes,66k-85k,Healthcare,Other,8,8,6,7,8,3,Easy,Good Work/Life Balance,Male,62a34bd0cf2555431730208b
75.5,Data Analyst,24,United States,White or Caucasian,Masters,No,66k-85k,Telecommunication,Python,4,4,5,4,4,6,Neither easy nor difficult,Better Salary,Male,62a34272f8d5efcc22f7d15f
75.5,Data Analyst,25,Other,Native Hawaiian or other Pacific Islander,Bachelors,No,66k-85k,Other,Python,4,4,3,2,4,4,Neither easy nor difficult,Good Work/Life Balance,Male,62a84764bc6861bf317d7b86
75.5,Data Analyst,25,United States,White or Caucasian,Bachelors,No,66k-85k,Other,Python,9,7,7,7,7,8,Neither easy nor difficult,Better Salary,Male,62a346a95d257a28a30d8cb9
75.5,Data Analyst,25,United States,White or Caucasian,Bachelors,No,66k-85k,Tech,Python,2,4,1,3,0,4,Neither easy nor difficult,Better Salary,Male,62a34726f8d5efcc22f7dec7
75.5,Data Analyst,26,Canada,Asian or Asian American,Bachelors,Yes,66k-85k,Tech,Python,7,9,7,5,8,9,Neither easy nor difficult,Better Salary,Female,62a9f0172e54c9003e5cdc25
75.5,Data Analyst,26,United States,Asian or Asian American,Bachelors,Yes,66k-85k,Finance,R,7,9,3,5,7,7,Difficult,Better Salary,Female,62a3bc00d8c00e9f541aad66
75.5,Data Analyst,26,United States,Asian or Asian American,Masters,Yes,66k-85k,Finance,Python,1,2,1,3,0,2,Very Difficult,Better Salary,Female,62a3b3f6bc6861bf3177973b
75.5,Data Analyst,26,United States,Black or African American,Bachelors,Yes,66k-85k,Other,Python,10,9,10,8,7,10,Neither easy nor difficult,Better Salary,Male,62a65618d8c00e9f541d783a
75.5,Data Analyst,26,United States,Black or African American,Bachelors,Yes,66k-85k,Other,Python,10,10,10,5,5,9,Neither easy nor difficult,Better Salary,Male,62a37bab2e54c9003e53a10a
75.5,Data Analyst,26,United States,White or Caucasian,Bachelors,Yes,66k-85k,Other,Python,9,8,9,9,8,8,Difficult,Good Work/Life Balance,Male,62a34c66b4da29969c6305af
75.5,Data Analyst,26,United States,White or Caucasian,Bachelors,Yes,66k-85k,Other,Python,9,10,6,8,6,5,Neither easy nor difficult,Remote Work,Male,62a3af26cec54911e9cb1f3a
75.5,Data Analyst,26,United States,White or Caucasian,Bachelors,Yes,66k-85k,Other,R,4,4,5,3,4,4,Very Easy,Better Salary,Male,62a53bc0bc6861bf31793947
75.5,Data Analyst,26,United States,White or Caucasian,Masters,No,66k-85k,Construction,Python,3,1,2,3,2,3,Neither easy nor difficult,Good Culture,Male,62a35b13bc6861bf31770188
75.5,Data Analyst,27,Other,Asian or Asian American,Bachelors,Yes,66k-85k,Education,Other,7,9,9,5,8,9,Neither easy nor difficult,Better Salary,Male,62a9612bf8d5efcc22007c09
75.5,Data Analyst,27,United States,Asian or Asian American,Masters,Yes,66k-85k,Other,Other,4,4,5,4,4,5,Difficult,Other (Please Specify):Better work & remote salary,Male,62a5a44b24a26260273af0fc
75.5,Data Analyst,28,United States,Black or African American,Bachelors,Yes,66k-85k,Healthcare,Python,8,7,8,6,8,9,Neither easy nor difficult,Better Salary,Male,62a6dbcad8c00e9f541e1050
75.5,Data Analyst,28,United States,Black or African American,Masters,Yes,66k-85k,Other,Python,7,9,5,6,5,7,Difficult,Better Salary,Female,62a7f09a0f8c8599d5b57526
75.5,Data Analyst,28,United States,Black or African American,Masters,Yes,66k-85k,Tech,R,6,7,7,4,4,3,Easy,Better Salary,Male,62aa356ff8d5efcc22020832
75.5,Data Analyst,28,United States,Hispanic or Latino,Bachelors,Yes,66k-85k,Other,Python,10,10,10,8,10,10,Easy,Better Salary,Male,62a35ba3f3072dd892626068
75.5,Data Analyst,28,United States,White or Caucasian,Bachelors,No,66k-85k,Tech,Python,5,4,5,4,4,5,Easy,Remote Work,Male,62a35fa0f8f7561645856c35
75.5,Data Analyst,28,United States,White or Caucasian,Bachelors,Yes,66k-85k,Education,R,10,10,10,7,8,10,Neither easy nor difficult,Good Work/Life Balance,Male,62a34eb7bc6861bf3176e6d8
75.5,Data Analyst,28,United States,White or Caucasian,Bachelors,Yes,66k-85k,Other,R,10,8,10,6,9,10,Easy,Remote Work,Male,62a39b315d257a28a30e2cae
75.5,Data Analyst,28,United States,White or Caucasian,Masters,Yes,66k-85k,Other,Python,7,7,6,6,7,9,Neither easy nor difficult,Better Salary,Male,62a349160a77c1a77f65d4db
75.5,Data Analyst,29,Other,Hispanic or Latino,Bachelors,Yes,66k-85k,Other,Python,5,8,9,7,7,7,Easy,Good Work/Life Balance,Male,62a345e25d257a28a30d8b43
75.5,Data Analyst,29,United Kingdom,White or Caucasian,Bachelors,No,66k-85k,Real Estate,Other,7,6,7,6,5,8,Easy,Better Salary,Female,62a45a140a77c1a77f67469d
75.5,Data Analyst,29,United States,Asian or Asian American,Masters,Yes,66k-85k,Tech,Python,4,5,4,3,5,4,Very Difficult,Good Work/Life Balance,Male,62a385c40f8c8599d5afa6cf
75.5,Data Analyst,29,United States,Hispanic or Latino,Masters,No,66k-85k,Finance,Python,5,3,5,3,3,5,Very Difficult,Better Salary,Male,62a37aa1cf255543173081e5
75.5,Data Analyst,29,United States,White or Caucasian,Masters,No,66k-85k,Healthcare,Python,4,2,1,3,2,3,Neither easy nor difficult,Better Salary,Male,62a35f0d24a2626027386a8b
75.5,Data Analyst,30,Canada,Asian or Asian American,Bachelors,Yes,66k-85k,Finance,Python,3,1,4,6,5,8,Neither easy nor difficult,Better Salary,Female,62a46dbecf25554317319e48
75.5,Data Analyst,30,Other,Asian or Asian American,Bachelors,Yes,66k-85k,Finance,Python,4,6,4,4,4,3,Very Difficult,Better Salary,Male,62a7e2d024a26260273e4448
75.5,Data Analyst,30,Other,White or Caucasian,Masters,Yes,66k-85k,Finance,Python,6,0,3,4,4,4,Neither easy nor difficult,Remote Work,Male,62a3701f575fa3a5ae89164e
75.5,Data Analyst,30,United States,Other (Please Specify):Half black and half white,Masters,Yes,66k-85k,Other,R,6,4,6,3,5,2,Difficult,Good Work/Life Balance,Male,62a3dc3ab4da29969c63e3d7
75.5,Data Analyst,30,United States,White or Caucasian,Bachelors,Yes,66k-85k,Healthcare,Other,8,7,8,7,8,8,Very Easy,Better Salary,Male,62a351860a77c1a77f65e86b
75.5,Data Analyst,30,United States,White or Caucasian,Masters,Yes,66k-85k,Healthcare,Python,4,6,6,3,4,5,Easy,Remote Work,Male,62a3ecf7bc6861bf3177d5c2
75.5,Data Analyst,30,United States,White or Caucasian,Masters,Yes,66k-85k,Healthcare,R,5,6,5,4,4,4,Neither easy nor difficult,Other (Please Specify):All of the above,Female,62a552e1cf2555431732922d
75.5,Data Analyst,30,United States,White or Caucasian,Masters,Yes,66k-85k,Other,R,8,8,7,8,7,9,Neither easy nor difficult,Good Work/Life Balance,Male,62a34fc3f3072dd892624a45
75.5,Data Analyst,31,Other,White or Caucasian,Bachelors,Yes,66k-85k,Other,Python,10,5,8,7,7,8,Neither easy nor difficult,Remote Work,Male,62a37f8db4da29969c6367bf
75.5,Data Analyst,31,United Kingdom,White or Caucasian,"",Yes,66k-85k,Finance,Python,7,4,5,5,4,6,Neither easy nor difficult,Other (Please Specify):Development,Male,62a33eb6bc6861bf3176c5a3
75.5,Data Analyst,31,United States,White or Caucasian,Bachelors,Yes,66k-85k,Healthcare,Python,4,4,5,3,4,5,Neither easy nor difficult,Better Salary,Female,62a3505bd8c00e9f5419f8df
75.5,Data Analyst,31,United States,White or Caucasian,Bachelors,Yes,66k-85k,Other,Python,10,10,9,9,8,10,Difficult,Better Salary,Female,62a3a3800f8c8599d5afd4db
75.5,Data Analyst,31,United States,White or Caucasian,Masters,No,66k-85k,Healthcare,Python,10,7,8,8,5,10,Neither easy nor difficult,Good Work/Life Balance,Female,62a35f825d257a28a30dc128
75.5,Data Analyst,31,United States,White or Caucasian,Masters,Yes,66k-85k,Education,R,7,7,7,7,4,7,Easy,Remote Work,Male,62a34646f8d5efcc22f7dc5c
75.5,Data Analyst,32,Canada,Asian or Asian American,Masters,Yes,66k-85k,Finance,Other,5,4,5,5,5,8,Easy,Remote Work,Male,62a73c5b0a77c1a77f6aba65
75.5,Data Analyst,32,United States,Asian or Asian American,Bachelors,Yes,66k-85k,Other,Python,10,6,8,4,5,10,Neither easy nor difficult,Remote Work,Male,62a3759e5d257a28a30def3a
75.5,Data Analyst,32,United States,Hispanic or Latino,Bachelors,Yes,66k-85k,Tech,Python,7,7,6,5,6,6,Very Easy,Better Salary,Male,62a4bf3a0a77c1a77f67bef2
75.5,Data Analyst,32,United States,White or Caucasian,"",No,66k-85k,Finance,Other,1,8,1,5,0,7,Neither easy nor difficult,Better Salary,Male,62a3406b575fa3a5ae88ae78
75.5,Data Analyst,33,Canada,Asian or Asian American,Bachelors,Yes,66k-85k,Other,Python,7,9,1,0,0,0,Difficult,Better Salary,Male,62a35b965d257a28a30db899
75.5,Data Analyst,33,United Kingdom,Asian or Asian American,Masters,Yes,66k-85k,Tech,Python,6,6,6,6,6,6,Difficult,Remote Work,Female,62a36802f8f7561645857e38
75.5,Data Analyst,33,United States,White or Caucasian,Bachelors,Yes,66k-85k,Other,Other,0,2,0,2,0,0,Difficult,Better Salary,Female,62a59d007dc029e2d66eb8f9
75.5,Data Analyst,34,United States,White or Caucasian,Masters,No,66k-85k,Other,Python,9,10,9,8,9,9,Neither easy nor difficult,Better Salary,Male,62a4cdfad8c00e9f541bdc6b
75.5,Data Analyst,35,United States,Hispanic or Latino,Bachelors,Yes,66k-85k,Finance,Python,9,10,9,6,9,10,Difficult,Better Salary,Male,62a3856218134ddc75cf1ee0
75.5,Data Analyst,35,United States,Hispanic or Latino,Bachelors,Yes,66k-85k,Healthcare,Other,6,3,4,2,3,6,Difficult,Better Salary,Male,62a7e1380f8c8599d5b55fcf
75.5,Data Analyst,36,United States,White or Caucasian,Masters,Yes,66k-85k,Healthcare,Python,10,10,7,10,10,10,Neither easy nor difficult,Better Salary,Male,62a4098124a2626027394ddc
75.5,Data Analyst,36,United States,White or Caucasian,Masters,Yes,66k-85k,Other,Python,6,10,1,2,8,8,Neither easy nor difficult,Better Salary,Male,62a54f20d8c00e9f541c5cfa
75.5,Data Analyst,37,Canada,White or Caucasian,"",Yes,66k-85k,Other,Python,8,10,8,10,8,10,Neither easy nor difficult,Remote Work,Male,62a33ce918134ddc75ce8c30
75.5,Data Analyst,37,United States,White or Caucasian,Masters,Yes,66k-85k,Agriculture,Other,6,8,4,8,4,5,Easy,Good Work/Life Balance,Female,62a4061bf408bae018ee5deb
75.5,Data Analyst,38,Other,Black or African American,Masters,No,66k-85k,Education,Python,5,4,3,3,3,3,Neither easy nor difficult,Good Work/Life Balance,Female,62a993537dc029e2d674e9b5
75.5,Data Analyst,38,United States,Black or African American,Bachelors,Yes,66k-85k,Tech,R,10,9,10,8,8,10,Neither easy nor difficult,Remote Work,Female,62ab1cb0cec54911e9d5d187
75.5,Data Analyst,38,United States,White or Caucasian,Bachelors,No,66k-85k,Healthcare,Python,8,9,4,7,6,7,Easy,Remote Work,Female,62a48612d8c00e9f541b86b8
75.5,Data Analyst,39,United States,Asian or Asian American,Bachelors,Yes,66k-85k,Other,Other,8,7,7,5,6,8,Very Easy,Remote Work,Female,62a34abc0f8c8599d5af31c5
75.5,Data Analyst,39,United States,Black or African American,Bachelors,Yes,66k-85k,Tech,Python,10,9,10,9,7,10,Neither easy nor difficult,Better Salary,Female,62a3519b24a262602738514a
75.5,Data Analyst,41,United States,White or Caucasian,"",Yes,66k-85k,Other,R,10,9,8,7,9,8,Difficult,Remote Work,Female,62a340cab4da29969c62ec01
75.5,Data Analyst,45,United States,Black or African American,Masters,No,66k-85k,Education,Other,7,2,7,4,2,6,Neither easy nor difficult,Remote Work,Female,62a3c1b1bc6861bf3177aa8c
75.5,Data Analyst,54,United States,White or Caucasian,High School,No,66k-85k,Other,Python,7,6,6,5,4,5,Very Easy,Better Salary,Female,62a41135bc6861bf3177f3d8
75.5,Data Analyst,54,United States,White or Caucasian,High School,Yes,66k-85k,Healthcare,Other,4,7,7,7,7,7,Difficult,Better Salary,Male,62aaa387f8d5efcc22029fcb
75.5,Data Analyst,56,United States,White or Caucasian,Bachelors,Yes,66k-85k,Other,Other,5,4,7,7,4,6,Easy,Better Salary,Female,62a38c9dbc6861bf317760c4
75.5,Data Architect,29,United States,White or Caucasian,High School,Yes,66k-85k,Other,Python,8,10,9,7,10,7,Neither easy nor difficult,Remote Work,Male,62a377987dc029e2d66c638d
75.5,Data Engineer,25,Other,Other (Please Specify):Greek,Bachelors,No,66k-85k,Education,Python,10,10,9,10,9,10,Difficult,Remote Work,Male,62a9f8a4cf2555431739d694
75.5,Data Engineer,27,United States,White or Caucasian,Bachelors,Yes,66k-85k,Real Estate,Python,8,10,8,3,10,10,Easy,Remote Work,Male,62a5cba2575fa3a5ae8bb122
75.5,Data Engineer,28,United States,Asian or Asian American,Masters,No,66k-85k,Finance,Python,1,7,1,2,3,1,Easy,Remote Work,Female,62a3413a5d257a28a30d8074
75.5,Data Engineer,45,Canada,White or Caucasian,Masters,Yes,66k-85k,Other,Python,7,7,6,5,6,7,Neither easy nor difficult,Better Salary,Male,62a34bb0f3072dd892624210
75.5,Other,27,United States,White or Caucasian,Bachelors,No,66k-85k,Other,Python,6,6,6,3,6,6,Neither easy nor difficult,Better Salary,Male,62a5edb2575fa3a5ae8bdba5
75.5,Other,30,United States,Asian or Asian American,Masters,No,66k-85k,Finance,Python,10,0,5,0,0,10,Neither easy nor difficult,Good Work/Life Balance,Female,62a5e69f24a26260273b42bf
75.5,Other,30,United States,Asian or Asian American,Masters,Yes,66k-85k,Other,Python,7,7,7,6,6,6,Easy,Good Culture,Female,62a73a37f8d5efcc22fcb724
75.5,Other,30,United States,Other (Please Specify):Indian,Bachelors,No,66k-85k,Tech,Python,6,0,0,0,0,10,Difficult,Better Salary,Male,62a3620f0f8c8599d5af63a5
75.5,Other,30,United States,White or Caucasian,Masters,Yes,66k-85k,Education,R,5,4,3,4,3,5,Easy,Good Culture,Female,62a4c7d0f8f7561645872912
75.5,Other,30,United States,White or Caucasian,Masters,Yes,66k-85k,Other,R,10,5,7,8,8,10,Difficult,Other (Please Specify):Data Maturity,Male,62a55b05f8d5efcc22fa5b65
75.5,Other,31,United Kingdom,White or Caucasian,Bachelors,No,66k-85k,Education,R,6,6,7,7,6,7,Easy,Remote Work,Female,62a4f6eef3072dd892645775
75.5,Other,31,United States,Hispanic or Latino,Bachelors,No,66k-85k,Other,Python,2,2,3,4,3,6,Very Difficult,Remote Work,Male,62a3976ecf2555431730af5e
75.5,Other,35,Other,Hispanic or Latino,Bachelors,Yes,66k-85k,Other,Python,9,9,8,7,8,9,Neither easy nor difficult,Good Work/Life Balance,Male,62a346d724a2626027383abd
75.5,Other,36,United States,White or Caucasian,Masters,Yes,66k-85k,Other,Python,8,6,8,7,6,9,Neither easy nor difficult,Better Salary,Male,62a66558cf2555431733c0f9
75.5,Other,60,United Kingdom,White or Caucasian,Masters,No,66k-85k,Finance,Other,7,7,2,3,5,5,Easy,Remote Work,Male,62a4604d0a77c1a77f674e29
75.5,Student/Looking/None,24,United States,Asian or Asian American,Bachelors,No,66k-85k,Construction,Other,7,10,7,5,9,5,Difficult,Better Salary,Female,62adf26f18134ddc75de4bb4
75.5,Student/Looking/None,35,United States,Black or African American,Masters,No,66k-85k,Other,Python,4,1,1,2,2,2,Neither easy nor difficult,Good Work/Life Balance,Male,62a390c0d8c00e9f541a6fd7
75.5,Student/Looking/None,42,United States,Asian or Asian American,Masters,Yes,66k-85k,Healthcare,Other,,0,,,,,Difficult,Good Work/Life Balance,Female,62a3970ebae91e4b8b839495
95.5,Data Analyst,23,United States,Asian or Asian American,Bachelors,No,86k-105k,Tech,Python,8,7,8,9,7,10,Neither easy nor difficult,Other (Please Specify):Projects I’m interested in,Female,62a391cacf2555431730a623
95.5,Data Analyst,23,United States,White or Caucasian,Bachelors,No,86k-105k,Other,Python,5,6,4,5,3,4,Neither easy nor difficult,"Other (Please Specify):Different job title, either product owner or consulting",Male,62a3476c5d257a28a30d8e6d
95.5,Data Analyst,23,United States,White or Caucasian,High School,No,86k-105k,Real Estate,Python,6,6,6,7,4,5,Neither easy nor difficult,Good Culture,Male,62a7fb02f8d5efcc22fe2486
95.5,Data Analyst,25,United States,Hispanic or Latino,Masters,No,86k-105k,Finance,Python,4,3,2,3,2,6,Difficult,Other (Please Specify):Challenging / exciting problems,Male,62a52725d8c00e9f541c3b4a
95.5,Data Analyst,26,Other,Asian or Asian American,Masters,No,86k-105k,Tech,Python,4,4,4,4,3,4,Neither easy nor difficult,Better Salary,Male,62ace61d575fa3a5ae972d57
95.5,Data Analyst,26,United States,Black or African American,Bachelors,No,86k-105k,Agriculture,Python,7,8,4,7,5,6,Difficult,Good Work/Life Balance,Male,62a386dfcec54911e9cae1d3
95.5,Data Analyst,27,Canada,Other (Please Specify):Pakistani,Masters,No,86k-105k,Other,Python,5,4,6,5,6,3,Difficult,Good Work/Life Balance,Male,62a3c30324a26260273909b9
95.5,Data Analyst,27,United States,Hispanic or Latino,Masters,Yes,86k-105k,Healthcare,Other,4,3,4,3,1,4,Neither easy nor difficult,Better Salary,Male,62a35b72f408bae018ed76a8
95.5,Data Analyst,27,United States,White or Caucasian,Bachelors,Yes,86k-105k,Healthcare,R,7,4,8,7,3,8,Easy,Good Culture,Male,62a4b6c30a77c1a77f67b54c
95.5,Data Analyst,28,Other,Other (Please Specify):Indian,Masters,Yes,86k-105k,Other,Python,3,2,4,4,4,6,Easy,Better Salary,Female,62a3b255d8c00e9f541a9fd5
95.5,Data Analyst,28,United States,Asian or Asian American,Bachelors,No,86k-105k,Healthcare,Python,5,1,2,5,5,9,Difficult,Good Culture,Female,62a3f39df8d5efcc22f8ddc2
95.5,Data Analyst,28,United States,White or Caucasian,"",Yes,86k-105k,Other,Python,2,7,3,8,6,6,Neither easy nor difficult,"Other (Please Specify):Strong organizational data strategy, high-performing team",Male,62a34038b4da29969c62eafe
95.5,Data Analyst,28,United States,White or Caucasian,Bachelors,Yes,86k-105k,Healthcare,Other,5,6,5,4,4,4,Difficult,Good Work/Life Balance,Female,62a425ec2e54c9003e5467bf
95.5,Data Analyst,28,United States,White or Caucasian,Masters,Yes,86k-105k,Other,Other,8,8,6,8,7,7,Difficult,Good Work/Life Balance,Female,62a48c4c24a262602739e141
95.5,Data Analyst,29,United States,Black or African American,Masters,Yes,86k-105k,Other,Python,7,6,6,6,7,7,Difficult,Remote Work,Male,62a7bd0e5d257a28a313855c
95.5,Data Analyst,29,United States,White or Caucasian,"",Yes,86k-105k,Healthcare,Other,6,5,4,3,4,5,Neither easy nor difficult,Better Salary,Male,62a33f52bc6861bf3176c72c
95.5,Data Analyst,30,United States,White or Caucasian,Masters,No,86k-105k,Other,R,8,10,7,8,8,10,Very Easy,Remote Work,Female,62a348c2f3072dd892623c10
95.5,Data Analyst,31,Other,Hispanic or Latino,Bachelors,Yes,86k-105k,Healthcare,Python,6,5,10,10,7,8,Neither easy nor difficult,Good Culture,Female,62a488197dc029e2d66da8a1
95.5,Data Analyst,31,United States,Asian or Asian American,Masters,No,86k-105k,Healthcare,Python,10,8,10,7,7,10,Neither easy nor difficult,Remote Work,Female,62ade22318134ddc75de385f
95.5,Data Analyst,31,United States,Hispanic or Latino,Masters,Yes,86k-105k,Education,Python,1,0,0,0,0,1,Neither easy nor difficult,Good Culture,Male,62a5c571575fa3a5ae8baaa1
95.5,Data Analyst,34,Canada,Black or African American,Bachelors,Yes,86k-105k,Other,Other,2,2,2,4,2,4,Easy,Remote Work,Female,62a3a231b4da29969c639b2c
95.5,Data Analyst,34,United States,Hispanic or Latino,Bachelors,Yes,86k-105k,Other,Python,9,9,9,7,9,8,Difficult,Better Salary,Male,62a9c880f408bae018f6aa1b
95.5,Data Analyst,34,United States,Hispanic or Latino,Masters,Yes,86k-105k,Real Estate,Python,10,10,10,8,9,9,Neither easy nor difficult,Good Culture,Male,62a4c57af3072dd8926421ac
95.5,Data Analyst,34,United States,White or Caucasian,Masters,No,86k-105k,Other,Other,3,3,4,4,2,5,Easy,Good Culture,Male,62a3602318134ddc75ced6b9
95.5,Data Analyst,35,United Kingdom,White or Caucasian,Bachelors,Yes,86k-105k,Tech,R,,,,3,,,Neither easy nor difficult,Better Salary,Male,62a491b3b4da29969c64a89e
95.5,Data Analyst,35,United States,Asian or Asian American,"",Yes,86k-105k,Healthcare,R,4,5,4,4,5,4,Neither easy nor difficult,Better Salary,Male,62a33cd3cf255543173001d9
95.5,Data Analyst,35,United States,White or Caucasian,Bachelors,Yes,86k-105k,Other,R,8,9,7,7,5,8,Neither easy nor difficult,Remote Work,Male,62a4044acf25554317312a81
95.5,Data Analyst,38,United States,White or Caucasian,Masters,Yes,86k-105k,Tech,R,10,7,10,8,2,10,Easy,Remote Work,Male,62a34e00f8f7561645854954
95.5,Data Analyst,40,United States,Hispanic or Latino,High School,No,86k-105k,Telecommunication,Other,5,7,7,7,7,7,Easy,Remote Work,Male,62a3697ff408bae018ed948b
95.5,Data Analyst,40,United States,White or Caucasian,High School,No,86k-105k,Healthcare,Python,8,9,8,8,8,9,Difficult,Better Salary,Male,62a8f477f408bae018f5869d
95.5,Data Analyst,41,United States,Hispanic or Latino,Associates,Yes,86k-105k,Tech,Python,5,6,4,7,3,6,Neither easy nor difficult,Better Salary,Female,62a7be5e5d257a28a313876a
95.5,Data Analyst,41,United States,White or Caucasian,Bachelors,Yes,86k-105k,Tech,R,8,8,8,8,8,8,Difficult,Better Salary,Male,62a47f1e0a77c1a77f677174
95.5,Data Analyst,43,United States,White or Caucasian,"",No,86k-105k,Healthcare,Other,7,4,7,6,7,7,Very Easy,Better Salary,Male,62a33e8bf8d5efcc22f7c79a
95.5,Data Analyst,47,India,American Indian or Alaska Native,Masters,Yes,86k-105k,Finance,Python,4,4,4,3,4,3,Difficult,Good Culture,Male,62a5a124cec54911e9cd29f5
95.5,Data Analyst,53,Other,White or Caucasian,PhD,Yes,86k-105k,Healthcare,Other,6,4,5,6,4,6,Easy,Remote Work,Male,62a51aaacec54911e9cca93b
95.5,Data Architect,31,Canada,White or Caucasian,High School,No,86k-105k,Other,Python,3,5,1,5,4,1,Difficult,Good Work/Life Balance,Male,62a88e9ff8d5efcc22ff1eb6
95.5,Data Engineer,23,United States,White or Caucasian,Bachelors,No,86k-105k,Tech,Python,5,5,5,5,4,3,Difficult,Better Salary,Male,62a360b8f8f7561645856ec4
95.5,Data Engineer,27,United States,Black or African American,Bachelors,Yes,86k-105k,Other,Other,10,10,10,6,10,10,Neither easy nor difficult,Good Culture,Male,62a44ea3f408bae018eea62a
95.5,Data Engineer,27,United States,White or Caucasian,Masters,Yes,86k-105k,Other,Python,10,10,9,8,10,7,Easy,Better Salary,Male,62a39297b4da29969c638679
95.5,Data Engineer,28,United States,Black or African American,Masters,No,86k-105k,Healthcare,R,8,10,8,8,9,10,Neither easy nor difficult,Good Culture,Male,62a354e9cf255543173031ed
95.5,Data Engineer,40,United Kingdom,White or Caucasian,Bachelors,Yes,86k-105k,Other,JavaScript,1,5,6,4,1,4,Difficult,Better Salary,Male,62a49e5f24a262602739f9af
95.5,Data Scientist,22,United States,White or Caucasian,Bachelors,No,86k-105k,Finance,Python,6,9,6,8,5,7,Neither easy nor difficult,Better Salary,Male,62a34b5b5d257a28a30d96a6
95.5,Data Scientist,26,India,Hispanic or Latino,Bachelors,Yes,86k-105k,Other,Python,8,9,8,6,7,5,Easy,Good Work/Life Balance,Male,62a40c99575fa3a5ae89de4b
95.5,Data Scientist,30,Canada,Asian or Asian American,Masters,Yes,86k-105k,Other,Python,10,8,9,6,6,8,Neither easy nor difficult,Better Salary,Male,62a54bccf3072dd89264a13b
95.5,Other,24,United States,Hispanic or Latino,Masters,No,86k-105k,Other,Python,6,5,4,5,5,5,Difficult,Better Salary,Male,62a36251d8c00e9f541a199e
95.5,Other,26,United States,White or Caucasian,Bachelors,No,86k-105k,Healthcare,Python,5,4,6,4,6,6,Neither easy nor difficult,Remote Work,Female,62a3ad35cec54911e9cb1b5c
95.5,Other,32,United States,Asian or Asian American,Masters,No,86k-105k,Other,R,3,5,5,4,5,3,Difficult,Better Salary,Male,62a34449575fa3a5ae88b637
95.5,Other,33,United States,Hispanic or Latino,PhD,No,86k-105k,Healthcare,Python,10,10,10,9,10,10,Very Easy,Good Work/Life Balance,Female,62a3450424a262602738357f
95.5,Other,34,United Kingdom,White or Caucasian,Bachelors,No,86k-105k,Other,Other,0,0,2,5,0,2,Neither easy nor difficult,Good Work/Life Balance,Male,62a36b862e54c9003e5383c6
95.5,Other,36,United States,White or Caucasian,Bachelors,Yes,86k-105k,Healthcare,Python,7,9,7,8,7,9,Difficult,Remote Work,Female,62a50eddf8d5efcc22fa1a4e
95.5,Other,40,United States,Other (Please Specify):Bi-racial people should be able to check 2 options in 2022.,Associates,Yes,86k-105k,Finance,Python,5,8,8,7,8,5,Neither easy nor difficult,Remote Work,Female,62a654165d257a28a3112ac9
95.5,Other,42,United States,Hispanic or Latino,Masters,Yes,86k-105k,Finance,Other,10,4,6,7,4,9,Neither easy nor difficult,Other (Please Specify):Opportunity for advancement,Female,62a34b0eb4da29969c6302ce
115.5,Data Analyst,25,United States,White or Caucasian,Bachelors,No,106k-125k,Finance,Python,4,4,4,4,4,4,Neither easy nor difficult,Better Salary,Male,62a3684ebc6861bf31771f15
115.5,Data Analyst,26,United States,White or Caucasian,"",Yes,106k-125k,Healthcare,Python,7,7,5,9,5,9,Very Difficult,Remote Work,Male,62a33b3db4da29969c62df3d
115.5,Data Analyst,27,Other,White or Caucasian,Masters,Yes,106k-125k,Other,Python,3,5,3,3,5,5,Easy,Better Salary,Male,62a3452818134ddc75ce9e1b
115.5,Data Analyst,27,United States,White or Caucasian,Bachelors,Yes,106k-125k,Tech,Other,9,7,5,10,8,6,Easy,Good Work/Life Balance,Female,62a344c5f408bae018ed4806
115.5,Data Analyst,28,United States,Hispanic or Latino,Masters,Yes,106k-125k,Tech,Python,9,9,8,9,8,9,Difficult,Remote Work,Female,62a4bf07b4da29969c64e4f8
115.5,Data Analyst,29,United States,White or Caucasian,Bachelors,Yes,106k-125k,Other,R,10,5,9,8,7,8,Easy,Better Salary,Male,62a3b314f408bae018ee0938
115.5,Data Analyst,29,United States,White or Caucasian,Masters,No,106k-125k,Healthcare,Other,3,3,3,6,3,6,Neither easy nor difficult,Better Salary,Female,62a35981bae91e4b8b8323dd
115.5,Data Analyst,30,Other,White or Caucasian,Masters,Yes,106k-125k,Other,R,9,8,7,8,8,9,Neither easy nor difficult,Remote Work,Male,62a49012f408bae018eef16d
115.5,Data Analyst,31,United States,Asian or Asian American,Masters,Yes,106k-125k,Other,Other,9,8,6,9,9,9,Difficult,Good Work/Life Balance,Male,62a3980e0f8c8599d5afc32c
115.5,Data Analyst,31,United States,White or Caucasian,"",Yes,106k-125k,Tech,Other,10,10,6,10,10,5,Neither easy nor difficult,Remote Work,Female,62a33dfbd8c00e9f5419ceda
115.5,Data Analyst,33,United States,Asian or Asian American,"",Yes,106k-125k,Other,Python,9,2,1,1,0,6,Difficult,Remote Work,Female,62a33e890f8c8599d5af13b9
115.5,Data Analyst,33,United States,Hispanic or Latino,Masters,Yes,106k-125k,Construction,Other,7,10,7,7,10,8,Easy,Good Culture,Male,62a3fc7c7dc029e2d66d10e8
115.5,Data Analyst,33,United States,White or Caucasian,Masters,No,106k-125k,Tech,Python,9,7,8,8,7,8,Neither easy nor difficult,Good Work/Life Balance,Male,62af387018134ddc75df894e
115.5,Data Analyst,35,United States,Black or African American,Masters,Yes,106k-125k,Other,Python,6,10,7,8,9,6,Easy,Better Salary,Female,62a5ea667dc029e2d66f153d
115.5,Data Analyst,36,United States,Asian or Asian American,Masters,No,106k-125k,Education,Python,10,6,10,6,7,10,Easy,Other (Please Specify):Learning New Things,Male,62a3d8dbf8f7561645861f9d
115.5,Data Analyst,37,United States,Other (Please Specify):Prefer not to ans,Bachelors,Yes,106k-125k,Other,Other,8,10,8,8,10,8,Easy,Good Work/Life Balance,Male,62a3545e0f8c8599d5af474b
115.5,Data Analyst,38,United States,White or Caucasian,Bachelors,Yes,106k-125k,Finance,Python,4,4,3,5,3,1,Easy,Better Salary,Female,62a349c7cec54911e9ca67c7
115.5,Data Analyst,39,United States,White or Caucasian,Masters,Yes,106k-125k,Healthcare,R,10,10,10,10,10,10,Very Easy,Good Culture,Male,62a34f3bf408bae018ed5e42
115.5,Data Analyst,41,United States,White or Caucasian,High School,Yes,106k-125k,Healthcare,Python,4,2,2,4,2,3,Easy,Good Work/Life Balance,Male,62a7738a2e54c9003e589598
115.5,Data Analyst,42,United States,White or Caucasian,Bachelors,No,106k-125k,Other,Python,10,6,10,10,10,10,Easy,Better Salary,Female,62a57116f408bae018efd56a
115.5,Data Analyst,42,United States,White or Caucasian,Masters,Yes,106k-125k,Finance,Python,6,3,5,5,4,6,Easy,Good Work/Life Balance,Male,62b2ea87f8d5efcc220e3e21
115.5,Data Engineer,25,India,Asian or Asian American,Masters,Yes,106k-125k,Tech,Python,4,6,4,4,5,4,Neither easy nor difficult,Good Work/Life Balance,Male,62a4b23f5d257a28a30f6b8c
115.5,Data Engineer,30,United States,White or Caucasian,Bachelors,No,106k-125k,Healthcare,Other,5,2,2,8,3,6,Easy,Better Salary,Male,62a511acbc6861bf3179178a
115.5,Data Scientist,25,United States,White or Caucasian,Associates,Yes,106k-125k,Tech,Other,8,10,8,10,9,9,Difficult,Better Salary,Male,62a4d9d4bae91e4b8b8501f1
115.5,Data Scientist,29,United States,Asian or Asian American,Bachelors,Yes,106k-125k,Finance,Python,10,10,10,9,10,8,Difficult,Remote Work,Male,62a557d10f8c8599d5b1a81c
115.5,Other,24,United States,American Indian or Alaska Native,Masters,No,106k-125k,Tech,Other,4,4,4,6,3,5,Easy,Better Salary,Male,62a6bc6a18134ddc75d2a726
115.5,Other,37,United States,White or Caucasian,Masters,No,106k-125k,Other,Python,5,4,3,3,3,2,Neither easy nor difficult,Better Salary,Male,62b21d40bae91e4b8b985154
115.5,Other,43,United States,Asian or Asian American,Masters,No,106k-125k,Other,Java,4,4,5,7,5,7,Neither easy nor difficult,Better Salary,Male,62a3951ed8c00e9f541a75d1
115.5,Student/Looking/None,22,India,Asian or Asian American,Bachelors,Yes,106k-125k,Healthcare,Python,7,7,5,5,7,5,Neither easy nor difficult,Remote Work,Male,62a3445dcf255543173011e1
137.5,Data Analyst,25,United States,White or Caucasian,Bachelors,No,125k-150k,Healthcare,R,6,7,6,9,6,9,Neither easy nor difficult,Good Culture,Male,62a4a3d4f8d5efcc22f9a051
137.5,Data Analyst,26,United States,White or Caucasian,Bachelors,No,125k-150k,Finance,Python,5,4,4,6,2,6,Easy,Remote Work,Male,62a38227bae91e4b8b837235
137.5,Data Analyst,26,United States,White or Caucasian,Bachelors,Yes,125k-150k,Other,R,6,7,6,8,5,5,Easy,Better Salary,Male,62b525563f28f20328aeee5c
137.5,Data Analyst,27,United States,Asian or Asian American,Masters,No,125k-150k,Tech,Python,6,4,4,4,2,7,Easy,Better Salary,Female,62a3457bf8d5efcc22f7da17
137.5,Data Analyst,28,United States,Hispanic or Latino,Bachelors,No,125k-150k,Tech,Python,10,10,10,10,6,5,Difficult,Good Work/Life Balance,Male,62a36e470a77c1a77f662470
137.5,Data Analyst,34,Other,Asian or Asian American,Bachelors,Yes,125k-150k,Finance,Python,7,2,4,6,4,8,Easy,Other (Please Specify):Better Tech Stack,Male,62aa95970a77c1a77f709268
137.5,Data Analyst,35,United States,White or Caucasian,Bachelors,Yes,125k-150k,Education,Python,7,9,6,8,7,8,Neither easy nor difficult,Good Culture,Male,62a7b296f8d5efcc22fdc1ef
137.5,Data Engineer,35,United States,Asian or Asian American,"",Yes,125k-150k,Other,Other,5,9,5,10,5,5,Neither easy nor difficult,Remote Work,Male,62a33cd30f8c8599d5af0f8f
137.5,Data Engineer,38,United States,White or Caucasian,Masters,Yes,125k-150k,Healthcare,Python,9,8,5,6,8,3,Neither easy nor difficult,Remote Work,Female,62a3bf1b0a77c1a77f66a347
137.5,Data Engineer,43,United States,White or Caucasian,"",No,125k-150k,Tech,Other,10,9,9,8,9,10,Easy,Better Salary,Male,62a33ee80f8c8599d5af14b7
137.5,Data Scientist,27,India,Other (Please Specify):Indian,Bachelors,Yes,125k-150k,Telecommunication,Python,1,7,3,2,1,4,Neither easy nor difficult,Better Salary,Male,62a35e970a77c1a77f66035a
137.5,Data Scientist,28,United States,White or Caucasian,Masters,Yes,125k-150k,Healthcare,Python,5,5,5,4,4,5,Difficult,Better Salary,Male,62a3906224a262602738c58a
137.5,Data Scientist,32,United States,White or Caucasian,Masters,Yes,125k-150k,Other,Python,7,7,10,6,6,7,Neither easy nor difficult,Remote Work,Female,62a38489cf25554317309145
137.5,Data Scientist,34,United States,Black or African American,Bachelors,Yes,125k-150k,Tech,Python,7,3,4,5,5,3,Easy,Other (Please Specify):Collaboration,Male,62aa121dcec54911e9d446cc
137.5,Data Scientist,35,United States,White or Caucasian,Bachelors,Yes,125k-150k,Finance,Python,8,6,7,9,5,4,Difficult,Good Work/Life Balance,Male,62a48da6b4da29969c64a3a5
137.5,Other,28,United States,White or Caucasian,Bachelors,Yes,125k-150k,Healthcare,Python,8,7,8,7,8,6,Easy,Remote Work,Male,62a609c4bc6861bf317a10a3
137.5,Other,52,United States,White or Caucasian,Bachelors,No,125k-150k,Finance,Other,8,8,8,7,7,8,Easy,Better Salary,Male,62a3582e575fa3a5ae88e506
187.5,Data Analyst,27,United States,Black or African American,Masters,Yes,150k-225k,Education,Other,9,6,7,8,6,9,Neither easy nor difficult,Better Salary,Male,62a373efbc6861bf3177360b
187.5,Data Analyst,28,United States,Asian or Asian American,Bachelors,No,150k-225k,Tech,Python,10,10,8,10,10,10,Easy,Good Work/Life Balance,Male,62a35d95cf25554317304386
187.5,Data Analyst,30,Other,White or Caucasian,High School,Yes,150k-225k,Education,Python,5,7,4,8,7,7,Easy,Remote Work,Male,62a4e4c90f8c8599d5b13d8f
187.5,Data Analyst,33,United States,White or Caucasian,Bachelors,No,150k-225k,Finance,Other,7,7,,7,5,7,Neither easy nor difficult,Good Work/Life Balance,Male,62a367d224a2626027387b56
187.5,Data Engineer,37,Canada,Asian or Asian American,Bachelors,No,150k-225k,Real Estate,Python,3,3,2,4,3,6,Neither easy nor difficult,Good Culture,Male,62a7ed9c0f8c8599d5b57132
187.5,Data Scientist,21,Other,White or Caucasian,Masters,Yes,150k-225k,Finance,Python,3,4,6,7,4,5,Difficult,Good Work/Life Balance,Male,62a34ab15d257a28a30d9589
187.5,Data Scientist,38,United States,White or Caucasian,Masters,No,150k-225k,Other,Python,8,8,7,8,7,7,Neither easy nor difficult,Good Work/Life Balance,Male,62a3dac9f3072dd892631e12
187.5,Data Scientist,42,United States,Asian or Asian American,PhD,Yes,150k-225k,Finance,R,9,8,9,9,8,9,Difficult,Better Salary,Male,62a75a5418134ddc75d3d2f1
187.5,Other,33,United States,White or Caucasian,Masters,No,150k-225k,Tech,R,9,5,7,8,5,10,Neither easy nor difficult,Remote Work,Male,62a353372e54c9003e534a40
187.5,Other,35,Canada,White or Caucasian,"",Yes,150k-225k,Finance,R,7,10,10,10,7,6,Very Easy,Remote Work,Female,62a33c8624a26260273822f9
187.5,Other,38,United States,Hispanic or Latino,"",Yes,150k-225k,Tech,Python,9,10,8,10,8,8,Easy,Good Work/Life Balance,Male,62a340e10a77c1a77f65c2e7
187.5,Other,43,United States,White or Caucasian,Bachelors,No,150k-225k,Other,Python,9,10,10,9,8,8,Neither easy nor difficult,Good Culture,Male,62a48566b4da29969c64995a
187.5,Other,58,United States,White or Caucasian,Masters,No,150k-225k,Finance,Other,9,10,10,8,8,10,Very Easy,Good Culture,Female,62abee280f8c8599d5bc246d
225,Data Engineer,33,United States,Asian or Asian American,Bachelors,Yes,225k+,Tech,Other,4,5,4,3,3,3,Neither easy nor difficult,Better Salary,Male,62a56bc67dc029e2d66e86c0
225,Data Scientist,31,United States,White or Caucasian,PhD,Yes,225k+,Tech,R,5,6,5,5,6,6,Difficult,Other (Please Specify):In office work,Male,62a477f0b4da29969c64892f
